species	env	lfc	se	q_value	upper	lower	abn
Pseudomonas stutzeri	medium	-2.0092884510260625	0.569420584710476	0.001651940800863531	-1.4398678663155864	-2.5787090357365385	model_calculus
Pseudomonas stutzeri	saliva	-4.824220900649337	0.48787355946620953	1.8513224112133105e-22	-4.336347341183127	-5.312094460115547	model_calculus
Pseudomonas aeruginosa	medium	0.09000337804347924	0.9216180056205283	0.9436504627457485	1.0116213836640076	-0.8316146275770491	medium
Pseudomonas aeruginosa	saliva	-4.405845138111191	0.5875440585866639	1.7312489575180212e-13	-3.8183010795245274	-4.993389196697855	model_calculus
Haemophilus haemolyticus	medium	1.947932224637655	1.017325897877007	0.1045147443092515	2.965258122514662	0.9306063267606479	medium
Haemophilus haemolyticus	saliva	3.3899794231658325	0.5566721254105683	2.4728707477583337e-9	3.946651548576401	2.833307297755264	saliva
Haemophilus influenzae	medium	0.5223900943961459	1.1385425030311036	0.7749467228516272	1.6609325974272495	-0.6161524086349577	medium
Haemophilus influenzae	saliva	2.53548119364559	0.7928872073165385	0.0019344421706788963	3.3283684009621286	1.7425939863290516	saliva
Haemophilus parainfluenzae	medium	0.6684135323256996	0.9038765373157885	0.6057484149482155	1.572290069641488	-0.235463004990089	medium
Haemophilus parainfluenzae	saliva	1.7252568881504313	0.38128052965134746	9.84680971545453e-6	2.106537417801779	1.3439763584990838	saliva
Haemophilus sp. oral taxon 036	medium	2.3022567727848138	0.7105846843860507	0.004166560762943321	3.0128414571708646	1.591672088398763	medium
Haemophilus sp. oral taxon 036	saliva	3.9775726727079803	0.21808961248502784	2.6560005417856076e-73	4.195662285193008	3.7594830602229523	saliva
Pasteurella multocida	medium	-0.003168631359620866	0.7283709528044343	0.9983545998939691	0.7252023214448134	-0.7315395841640552	model_calculus
Pasteurella multocida	saliva	-2.902830867021617	0.5823397047355109	1.1442477647700862e-6	-2.320491162286106	-3.485170571757128	model_calculus
Glaesserella parasuis	medium	1.968351183849872	0.711851430411149	0.014610151830230579	2.680202614261021	1.256499753438723	medium
Glaesserella parasuis	saliva	-0.7566385786084504	1.3754098122539593	0.6210538676201388	0.6187712336455089	-2.1320483908624097	model_calculus
Aggregatibacter aphrophilus	medium	2.627655655985692	1.255685481009861	0.07195095913574265	3.883341136995553	1.3719701749758308	medium
Aggregatibacter aphrophilus	saliva	6.100537367716569	0.6549476708718159	4.3992888038992266e-20	6.755485038588385	5.4455896968447535	saliva
Histophilus somni	medium	-1.7485347319516218	0.7043962458648259	0.0290803503942064	-1.044138486086796	-2.4529309778164476	model_calculus
Histophilus somni	saliva	-4.573231028531289	0.6356140524966245	1.5819605630824957e-12	-3.937616976034665	-5.208845081027913	model_calculus
Lautropia mirabilis	medium	-1.2117798483028595	0.7424274719281719	0.18064688284612268	-0.4693523763746875	-1.9542073202310313	model_calculus
Lautropia mirabilis	saliva	6.030199443363507	0.8839967762187888	2.0999671482502315e-11	6.914196219582296	5.146202667144719	saliva
Variovorax paradoxus	medium	1.3269117831507813	0.5079068137203413	0.020814311967747176	1.8348185968711226	0.81900496943044	medium
Variovorax paradoxus	saliva	-0.11628938523147658	1.040087824171196	0.9214472102195064	0.9237984389397194	-1.1563772094026725	model_calculus
Diaphorobacter aerolatus	medium	-1.0865032545595859	0.5041952529346357	0.06328760403674384	-0.5823080016249501	-1.5906985074942215	model_calculus
Diaphorobacter aerolatus	saliva	-3.535079539569897	0.5169336116514949	1.8898218146721988e-11	-3.018145927918402	-4.0520131512213915	model_calculus
Ottowia sp. oral taxon 894	medium	2.0319549103317405	0.5395183189182563	7.384210828539491e-4	2.571473229249997	1.492436591413484	medium
Ottowia sp. oral taxon 894	saliva	5.35026443566066	0.5822881799924752	1.4042449376560513e-19	5.932552615653135	4.767976255668184	saliva
Alcaligenes faecalis	medium	0.6870082915387393	0.6829327376193064	0.4536055161339115	1.3699410291580456	0.004075553919432928	medium
Alcaligenes faecalis	saliva	-2.5735376187672974	0.5162971777703425	1.1442477647700862e-6	-2.0572404409969547	-3.08983479653764	model_calculus
Azoarcus communis	medium	-0.15743588355836846	0.502163392193311	0.8451242360141301	0.3447275086349425	-0.6595992757516794	model_calculus
Azoarcus communis	saliva	-2.6060121685686806	0.5149520154658396	7.99161315731605e-7	-2.091060153102841	-3.12096418403452	model_calculus
Neisseria sp. 10022	medium	1.6961443864710044	0.5586407392445218	0.006969637242552187	2.254785125715526	1.1375036472264826	medium
Neisseria sp. 10022	saliva	4.478611026608077	0.261319799101222	7.296289916786617e-65	4.739930825709299	4.2172912275068555	saliva
Neisseria meningitidis	medium	4.1140295560597036	1.1533358051338238	0.0014605777367957757	5.267365361193527	2.9606937509258797	medium
Neisseria meningitidis	saliva	7.729517951897832	0.3873975731935699	2.094613367465416e-87	8.116915525091402	7.342120378704262	saliva
Neisseria musculi	medium	1.6492799854980347	0.5193725795332644	0.005041405057483052	2.168652565031299	1.1299074059647702	medium
Neisseria musculi	saliva	4.507241214899431	0.22522751478489592	6.934104342226275e-88	4.732468729684327	4.282013700114535	saliva
Neisseria zoodegmatis	medium	1.6775032322664558	0.5429252451965143	0.006131689728691453	2.22042847746297	1.1345779870699415	medium
Neisseria zoodegmatis	saliva	4.385646647155966	0.2347760304805903	9.031902032501719e-77	4.620422677636556	4.150870616675375	saliva
Neisseria weaveri	medium	1.6503610771084565	0.5202690233615342	0.005041405057483052	2.1706301004699906	1.1300920537469223	medium
Neisseria weaveri	saliva	4.144125469905361	0.25558074234168443	3.335733784286314e-58	4.399706212247045	3.8885447275636764	saliva
Kingella oralis	medium	1.197101127793132	0.25376294001172417	2.167772392748444e-5	1.450864067804856	0.9433381877814079	medium
Kingella oralis	saliva	5.782943873474608	0.2456698666761039	4.718119411246219e-121	6.028613740150711	5.537274006798504	saliva
Sinorhizobium fredii	medium	0.3917529470331649	0.7729845346535666	0.756233311761023	1.1647374816867315	-0.38123158762040177	medium
Sinorhizobium fredii	saliva	-3.6904720187283795	0.5504901683061943	4.697017446053131e-11	-3.1399818504221852	-4.240962187034574	model_calculus
Methylobacterium mesophilicum	medium	0.21534745143428746	0.4706259850653832	0.7749467228516272	0.6859734364996707	-0.25527853363109576	medium
Methylobacterium mesophilicum	saliva	-2.233228833576024	0.48424820453151884	6.598830845142426e-6	-1.7489806290445054	-2.717477038107543	model_calculus
Ferrovibrio terrae	medium	-0.06169771055089024	0.5078569859845246	0.9324446927597732	0.4461592754336343	-0.5695546965354148	model_calculus
Ferrovibrio terrae	saliva	-2.5102739955612026	0.5205057386681947	2.542762655552972e-6	-1.989768256893008	-3.030779734229397	model_calculus
Sorangium cellulosum	medium	-1.7486102478009284	0.6369105919999388	0.015113144330976101	-1.1116996558009897	-2.385520839800867	model_calculus
Sorangium cellulosum	saliva	-0.22268317067928067	0.48135073957451263	0.6824089777205452	0.25866756889523196	-0.7040339102537934	model_calculus
Desulfovibrio fairfieldensis	medium	0.5499798217361755	0.9423997421669046	0.7109800117927104	1.4923795639030801	-0.39241992043072904	medium
Desulfovibrio fairfieldensis	saliva	-4.479018559377867	0.512735859584001	7.760646411027178e-18	-3.9662826997938656	-4.991754418961868	model_calculus
Desulfomicrobium orale	medium	0.4134372008905326	0.8698110758413977	0.7675777956918189	1.2832482767319302	-0.4563738749508651	medium
Desulfomicrobium orale	saliva	-4.392700750619248	0.4951736340161267	2.4066058140387078e-18	-3.8975271166031216	-4.887874384635375	model_calculus
Desulfonema magnum	medium	0.22569646285518796	0.5119679788465205	0.7810027208373094	0.7376644417017084	-0.2862715159913325	medium
Desulfonema magnum	saliva	-2.2228798221551243	0.5245176042207055	3.43724405757348e-5	-1.6983622179344189	-2.7473974263758296	model_calculus
Campylobacter hominis	medium	0.22301050865018168	0.5480952495499517	0.7973547098342344	0.7711057582001334	-0.32508474089977	medium
Campylobacter hominis	saliva	-2.2255657763601304	0.5598356083284283	1.0348438005919932e-4	-1.6657301680317023	-2.7854013846885586	model_calculus
Campylobacter concisus	medium	-3.244001106813952	0.8135313167985226	3.5604079632087996e-4	-2.430469790015429	-4.057532423612474	model_calculus
Campylobacter concisus	saliva	1.6560485939226255	0.36460825701812044	9.145804112462091e-6	2.020656850940746	1.291440336904505	saliva
Helicobacter pylori	medium	0.9223274736082303	0.8161273094762602	0.383817728362021	1.7384547830844905	0.10620016413197009	medium
Helicobacter pylori	saliva	-3.323042162103848	0.5411204496408115	1.80362799343604e-9	-2.7819217124630367	-3.8641626117446597	model_calculus
Bacillus sp. V3	medium	-0.5541963179403882	0.7742069256949713	0.6158047717163789	0.22001060775458314	-1.3284032436353594	model_calculus
Bacillus sp. V3	saliva	-3.3788926145200557	0.7121990707216491	3.6457974041298097e-6	-2.6666935437984067	-4.091091685241705	model_calculus
Bacillus beveridgei	medium	0.21685860857480976	0.48186489850035485	0.7787927269288253	0.6987235070751646	-0.2650062899255451	medium
Bacillus beveridgei	saliva	-2.231717676435502	0.49517803483191253	1.0670587472239754e-5	-1.7365396416035894	-2.7268957112674146	model_calculus
Bacillus infantis	medium	-0.48358585665650833	0.6069668426539622	0.5753527735249597	0.12338098599745384	-1.0905526993104706	model_calculus
Bacillus infantis	saliva	-2.9321621416668195	0.6175890655237972	3.6020640565398436e-6	-2.3145730761430223	-3.5497512071906168	model_calculus
Bacillus glycinifermentans	medium	-0.11151723456985319	0.5302641530845219	0.8944122388837074	0.4187469185146687	-0.6417813876543751	model_calculus
Bacillus glycinifermentans	saliva	-2.560093519580165	0.5423906136906156	4.089158791877572e-6	-2.017702905889549	-3.1024841332707807	model_calculus
Fictibacillus arsenicus	medium	0.1778412107894345	0.5516265746398253	0.8402499491238731	0.7294677854292598	-0.37378536385039085	medium
Fictibacillus arsenicus	saliva	-2.2707350742208776	0.5632933371007546	8.208145629160262e-5	-1.707441737120123	-2.8340284113216323	model_calculus
Sporosarcina sp. Te-1	medium	-3.2310522171903924	0.7870202555418407	2.4037066580428576e-4	-2.4440319616485517	-4.018072472732233	model_calculus
Sporosarcina sp. Te-1	saliva	-5.679628502200704	0.795241088228206	2.312353003145163e-12	-4.884387413972498	-6.47486959042891	model_calculus
Paenibacillus bovis	medium	-2.2798542329324234	0.47995498586199076	2.167772392748444e-5	-1.7998992470704327	-2.7598092187944143	model_calculus
Paenibacillus bovis	saliva	-4.7284305179427335	0.4933196673831496	3.5021183489223455e-21	-4.235110850559584	-5.221750185325883	model_calculus
Paenibacillus donghaensis	medium	0.015143379128831569	0.8626155315252799	0.9973269657280753	0.8777589106541115	-0.8474721523964484	medium
Paenibacillus donghaensis	saliva	-4.691059746217704	0.5770240123473588	1.2942293511164443e-15	-4.114035733870345	-5.268083758565062	model_calculus
Paenibacillus cellulosilyticus	medium	-0.7920234125146757	0.5505479921877857	0.24949041924390233	-0.24147542032688996	-1.3425714047024613	model_calculus
Paenibacillus cellulosilyticus	saliva	-3.2405996975249867	0.5622371363359412	1.6737408703622283e-8	-2.6783625611890454	-3.802836833860928	model_calculus
Gemella morbillorum	medium	1.0256121281156336	0.25982515718053006	4.031780042143783e-4	1.2854372852961637	0.7657869709351035	medium
Gemella morbillorum	saliva	-0.06705911251039276	0.18271888962261307	0.7453770177246688	0.11565977711222031	-0.24977800213300583	model_calculus
Gemella haemolysans	medium	1.3700393850885473	1.2778735698626171	0.41431448417229017	2.647912954951164	0.09216581522593015	medium
Gemella haemolysans	saliva	4.671784156549475	0.6125859226899504	6.801363825056692e-14	5.284370079239426	4.059198233859525	saliva
Gemella sanguinis	medium	6.446249976585312	1.5529607400602077	2.1219213366637722e-4	7.9992107166455195	4.893289236525105	medium
Gemella sanguinis	saliva	9.585664200006118	0.644977223753678	4.013175918180362e-49	10.230641423759796	8.94068697625244	saliva
Sporolactobacillus terrae	medium	-0.14772384836773855	0.6489522239556351	0.8826162929800613	0.5012283755878966	-0.7966760723233737	model_calculus
Sporolactobacillus terrae	saliva	-2.59630013337805	0.6588979395552866	1.1882822249791359e-4	-1.9374021938227637	-3.2551980729333367	model_calculus
Streptococcus sp. oral taxon 431	medium	3.5705367612324417	0.7303991203203956	2.1041496030991493e-5	4.300935881552837	2.840137640912046	medium
Streptococcus sp. oral taxon 431	saliva	5.5836823201330406	0.34868833951074685	8.059992152353504e-57	5.932370659643787	5.234993980622294	saliva
Streptococcus anginosus	medium	-0.9889077004647668	0.7125109104243846	0.2679118977144351	-0.2763967900403822	-1.7014186108891516	model_calculus
Streptococcus anginosus	saliva	-3.801588521660908	0.5842778949375885	1.7249248973434786e-10	-3.2173106267233194	-4.385866416598496	model_calculus
Streptococcus intermedius	medium	-0.7576681152075708	0.5420616679528272	0.2643053396619762	-0.21560644725474365	-1.299729783160398	model_calculus
Streptococcus intermedius	saliva	-1.928081258994141	0.49909823047312235	1.6282687476998012e-4	-1.4289830285210186	-2.4271794894672634	model_calculus
Streptococcus salivarius	medium	3.0060276314742445	0.6832677198125361	7.957175948617716e-5	3.6892953512867805	2.3227599116617084	medium
Streptococcus salivarius	saliva	1.8985144509997607	0.3443171910909659	6.903554268705851e-8	2.2428316420907266	1.5541972599087948	saliva
Streptococcus cristatus	medium	2.988709437536961	0.7754676030390676	5.601550227573289e-4	3.7641770405760284	2.2132418344978935	medium
Streptococcus cristatus	saliva	1.6569211020768777	0.38496559698331456	2.5888096984218555e-5	2.0418866990601923	1.2719555050935631	saliva
Streptococcus vestibularis	medium	2.5368547367710805	0.6186868896769658	2.4037066580428576e-4	3.1555416264480463	1.9181678470941148	medium
Streptococcus vestibularis	saliva	1.703335020731044	0.3184907962320595	1.7092229337854453e-7	2.0218258169631036	1.3848442244989845	saliva
Streptococcus sobrinus	medium	1.4873779426566907	0.3691086663968919	3.121093125904054e-4	1.8564866090535825	1.1182692762597988	medium
Streptococcus sobrinus	saliva	0.34047680404685443	0.30000854068325183	0.2978887185404911	0.6404853447301062	0.0404682633636026	saliva
Streptococcus gordonii	medium	2.0042321096589233	0.6464488629460048	0.006020681962648829	2.650680972604928	1.3577832467129185	medium
Streptococcus gordonii	saliva	1.7949992577186058	0.3588207317110305	1.0596093278844113e-6	2.1538199894296364	1.4361785260075752	saliva
Streptococcus mitis	medium	2.6843602961234048	0.6501781252348867	2.2936166021653338e-4	3.3345384213582916	2.034182170888518	medium
Streptococcus mitis	saliva	3.7677653152209745	0.3521465431886366	5.006828419685111e-26	4.119911858409611	3.415618772032338	saliva
Lactobacillus johnsonii	medium	-0.13910351370334673	1.0196225002147044	0.9256708447686235	0.8805189865113576	-1.158726013918051	model_calculus
Lactobacillus johnsonii	saliva	-1.378233797916595	1.375835622568416	0.3547663389424669	-0.002398175348178988	-2.754069420485011	model_calculus
Lactobacillus crispatus	medium	-0.3897289378285056	0.7746781588458436	0.7564943501631785	0.384949221017338	-1.1644070966743492	model_calculus
Lactobacillus crispatus	saliva	-3.3380264502152284	0.6741691378782462	1.3374578423273984e-6	-2.663857312336982	-4.0121955880934745	model_calculus
Lactobacillus iners	medium	-0.35570016654672276	0.48271056413121577	0.6057484149482155	0.127010397584493	-0.8384107306779385	model_calculus
Lactobacillus iners	saliva	-2.30431455624485	0.22844623738681513	2.614375725761758e-23	-2.075868318858035	-2.532760793631665	model_calculus
Lactobacillus jensenii	medium	1.4869842200281678	0.8987130033583618	0.1751273387243726	2.3856972233865297	0.588271216669806	medium
Lactobacillus jensenii	saliva	0.9289891017532677	0.6692503893650086	0.1990311638281857	1.5982394911182762	0.2597387123882591	saliva
Lactobacillus acidophilus	medium	-1.012509166319167	0.7490529044821729	0.2805738606774383	-0.2634562618369941	-1.76156207080134	model_calculus
Lactobacillus acidophilus	saliva	-3.9381539137760444	0.657552333492631	4.474028837505114e-9	-3.280601580283413	-4.595706247268676	model_calculus
Dolosigranulum pigrum	medium	-0.8190753289132284	0.8350021419521723	0.46927953867095706	0.015926813038943832	-1.6540774708654007	model_calculus
Dolosigranulum pigrum	saliva	-0.4362291428550523	0.2888779840393099	0.15958482438059818	-0.1473511588157424	-0.7251071268943623	model_calculus
Enterococcus faecalis	medium	0.009903860735833492	1.1032496508077188	0.9983545998939691	1.1131535115435522	-1.0933457900718853	medium
Enterococcus faecalis	saliva	-9.390531246044716	0.3687100093542673	1.9326247763475948e-141	-9.02182123669045	-9.759241255398983	model_calculus
Enterococcus casseliflavus	medium	0.05095846669926818	0.44253603490692406	0.9348846603287079	0.49349450160619224	-0.3915775682076559	medium
Enterococcus casseliflavus	saliva	-3.1224016585728513	0.34892781216525737	1.2073527657699134e-18	-2.773473846407594	-3.471329470738109	model_calculus
Enterococcus durans	medium	0.9609510421601626	0.5805046062368072	0.1751273387243726	1.54145564839697	0.38044643592335536	medium
Enterococcus durans	saliva	-4.128839036810918	0.3841483592983578	3.001379536302242e-26	-3.74469067751256	-4.512987396109276	model_calculus
Clostridium sp. DL-VIII	medium	-1.517653903841806	0.7047583348221474	0.06328760403674384	-0.8128955690196585	-2.2224122386639533	model_calculus
Clostridium sp. DL-VIII	saliva	-4.353350289942906	0.630560807402035	1.2112093738350083e-11	-3.722789482540871	-4.983911097344941	model_calculus
Clostridium sp. AWRP	medium	-1.6098882341366294	0.7877641810360535	0.08060879310371893	-0.8221240531005759	-2.397652415172683	model_calculus
Clostridium sp. AWRP	saliva	-5.4266176256427165	0.511070733577379	1.1219078163209788e-25	-4.915546892065338	-5.937688359220095	model_calculus
Clostridium sp. JN-9	medium	-0.8215465631853061	0.6603391987899649	0.32526082246303434	-0.1612073643953411	-1.481885761975271	model_calculus
Clostridium sp. JN-9	saliva	-5.926534446616835	0.36267265405770865	4.416743399170664e-59	-5.563861792559127	-6.289207100674544	model_calculus
Clostridium cochlearium	medium	-0.3092186715222902	0.8083433413164667	0.810252577149739	0.49912466979417647	-1.117562012838757	model_calculus
Clostridium cochlearium	saliva	-3.246829869354777	0.6835215871141422	3.5774834961702844e-6	-2.5633082822406346	-3.9303514564689195	model_calculus
Clostridium argentinense	medium	-0.18916553947257309	0.5750975371294555	0.8373654645720358	0.38593199765688246	-0.7642630766020286	model_calculus
Clostridium argentinense	saliva	-2.6377418244828847	0.5862974355952812	1.0962754033128718e-5	-2.0514443888876035	-3.224039260078166	model_calculus
Clostridium kluyveri	medium	-2.1586355974197025	0.4858501020702293	6.788252256552765e-5	-1.6727854953494732	-2.6444856994899317	model_calculus
Clostridium kluyveri	saliva	-4.607211882430013	0.49905693808912194	9.458907444202337e-20	-4.108154944340891	-5.106268820519135	model_calculus
Clostridium taeniosporum	medium	0.22088053086693182	0.7723442646490135	0.8577376246151829	0.9932247955159453	-0.5514637337820817	medium
Clostridium taeniosporum	saliva	-2.61481585523417	0.7052930486446365	2.9960568804845696e-4	-1.9095228065895333	-3.3201089038788063	model_calculus
Clostridium tyrobutyricum	medium	-0.1772393291010892	0.5849367994167383	0.8460051604322901	0.40769747031564907	-0.7621761285178275	model_calculus
Clostridium tyrobutyricum	saliva	-2.625815614111401	0.5959518143987271	1.6689024584394513e-5	-2.029863799712674	-3.221767428510128	model_calculus
Clostridium carboxidivorans	medium	0.23223078453716406	0.425261696491935	0.7350001458696153	0.6574924810290991	-0.19303091195477096	medium
Clostridium carboxidivorans	saliva	-2.2163455004731483	0.4402896958553949	9.118246590960569e-7	-1.7760558046177533	-2.6566351963285433	model_calculus
Clostridium aceticum	medium	-0.3408010199968865	0.8737967260250555	0.8064961134252081	0.532995706028169	-1.214597746021942	model_calculus
Clostridium aceticum	saliva	-5.217264897131968	0.49870131323658906	5.770443566930857e-25	-4.718563583895379	-5.715966210368557	model_calculus
Geosporobacter ferrireducens	medium	-0.788134251973136	0.8188428559170972	0.47854859962968765	0.030708603943961132	-1.6069771078902333	model_calculus
Geosporobacter ferrireducens	saliva	-3.602294464708608	1.127714438902155	0.0019499794198279546	-2.4745800258064534	-4.730008903610763	model_calculus
Crassaminicella sp. SY095	medium	-0.6104668598333265	0.9480774273781913	0.6651397320033171	0.33761056754486485	-1.5585442872115178	model_calculus
Crassaminicella sp. SY095	saliva	-4.165836573335854	1.110795021276471	2.537405335979207e-4	-3.055041552059383	-5.276631594612325	model_calculus
Caloranaerobacter azorensis	medium	0.1286476214208494	0.974588638051459	0.9265703583833997	1.1032362594723084	-0.8459410166306096	medium
Caloranaerobacter azorensis	saliva	-4.352511267560658	0.6299802135250667	1.1770355857947744e-11	-3.722531054035591	-4.982491481085725	model_calculus
Hungatella hathewayi	medium	-0.21954164687762057	0.9048566666371896	0.8781479033619142	0.685315019759569	-1.1243983135148101	model_calculus
Hungatella hathewayi	saliva	-2.8518588637288143	0.4512983118469958	5.819421197740969e-10	-2.4005605518818185	-3.30315717557581	model_calculus
Filifactor alocis	medium	0.4226897723441392	0.22259757370631897	0.1072353557978609	0.6452873460504581	0.2000921986378202	medium
Filifactor alocis	saliva	-1.6190388918646128	0.24644335134743328	1.1455717452488317e-10	-1.3725955405171795	-1.8654822432120461	model_calculus
Blautia producta	medium	-0.6297052089928032	0.6954036869309874	0.510103153764732	0.06569847793818417	-1.3251088959237907	model_calculus
Blautia producta	saliva	-2.6113755793989535	0.14500733999434076	1.678223534837591e-71	-2.4663682394046127	-2.7563829193932943	model_calculus
Lachnoclostridium sp. YL32	medium	-0.7414961144772996	0.8703749984816804	0.5413213391362605	0.12887888400438086	-1.61187111295898	model_calculus
Lachnoclostridium sp. YL32	saliva	-4.741806518166478	1.1442283528654655	5.153674483014173e-5	-3.5975781653010124	-5.886034871031944	model_calculus
Anaerocolumna cellulosilytica	medium	-0.7627452686112777	0.7048659908777113	0.4094961659480706	-0.05787927773356638	-1.467611259488989	model_calculus
Anaerocolumna cellulosilytica	saliva	-5.783139001885477	0.45976571642994635	1.5023786372527928e-35	-5.3233732854555305	-6.242904718315423	model_calculus
Enterocloster bolteae	medium	0.005545543641110262	0.6044559177462153	0.9983545998939691	0.6100014613873256	-0.5989103741051051	medium
Enterocloster bolteae	saliva	-3.328002765624866	0.16206317553737312	1.7489960043706377e-92	-3.165939590087493	-3.490065941162239	model_calculus
Pseudobutyrivibrio xylanivorans	medium	0.3319473129186652	0.6373529097235495	0.7485689352380962	0.9693002226422147	-0.3054055968048843	medium
Pseudobutyrivibrio xylanivorans	saliva	-2.442757002501685	0.11881062910065388	1.100342013255442e-92	-2.3239463734010313	-2.5615676316023386	model_calculus
Acetivibrio clariflavus	medium	-1.806027029637972	0.5780715399826816	0.005674666854383727	-1.2279554896552902	-2.3840985696206536	model_calculus
Acetivibrio clariflavus	saliva	-4.254603314648284	0.5892149108018114	1.3376629621067688e-12	-3.6653884038464724	-4.843818225450095	model_calculus
Thermaerobacter sp. FW80	medium	0.2289478568052814	0.4603455537220157	0.7564943501631785	0.6892934105272971	-0.23139769691673429	medium
Thermaerobacter sp. FW80	saliva	-2.2196284282050303	0.474263149111194	4.8980654535412165e-6	-1.7453652790938363	-2.6938915773162244	model_calculus
Dehalobacterium formicoaceticum	medium	0.22779797853867945	0.5284151273681331	0.7845221941923415	0.7562131059068126	-0.3006171488294537	medium
Dehalobacterium formicoaceticum	saliva	-2.2207783064716327	0.5405830672567518	5.9496741600652145e-5	-1.680195239214881	-2.761361373728384	model_calculus
Faecalibacillus intestinalis	medium	-0.1388491451526106	0.5455954678871391	0.8730175476569568	0.4067463227345285	-0.6844446130397497	model_calculus
Faecalibacillus intestinalis	saliva	-2.5874254301629227	0.5573884824359251	5.809998767679892e-6	-2.0300369477269977	-3.1448139125988477	model_calculus
Selenomonas sp. oral taxon 920	medium	-4.37251659126359	0.8280358572512894	3.777242631661911e-6	-3.544480734012301	-5.2005524485148795	model_calculus
Selenomonas sp. oral taxon 920	saliva	-4.135636600253639	0.4308186282152015	3.074089011237728e-21	-3.704817972038437	-4.56645522846884	model_calculus
Selenomonas ruminantium	medium	-0.9241862405273258	0.7246021632975813	0.3120969644394703	-0.19958407722974447	-1.648788403824907	model_calculus
Selenomonas ruminantium	saliva	-6.97713464604437	0.2117143182007776	4.150894278198522e-236	-6.765420327843593	-7.188848964245148	model_calculus
Finegoldia magna	medium	-0.8442509259641704	0.4168147230505393	0.08373267263813937	-0.4274362029136311	-1.2610656490147096	model_calculus
Finegoldia magna	saliva	-4.767832023097123	0.3685071461160645	1.5547559563081563e-37	-4.3993248769810585	-5.136339169213187	model_calculus
Anaerococcus prevotii	medium	-0.4957393423042944	0.5313844405602294	0.4940124428566851	0.03564509825593498	-1.0271237828645239	model_calculus
Anaerococcus prevotii	saliva	-6.186350232490919	1.0294042751420356	3.96660239520278e-9	-5.156945957348883	-7.215754507632955	model_calculus
Parvimonas micra	medium	-0.940383188217095	0.44910896764783326	0.07195095913574265	-0.49127422056926173	-1.3894921558649282	model_calculus
Parvimonas micra	saliva	-3.041968434310175	0.5131802360160975	6.437487218983287e-9	-2.5287881982940776	-3.5551486703262727	model_calculus
Gottschalkia acidurici	medium	0.4097132278860751	0.9602727307710739	0.785692761369715	1.369985958657149	-0.5505595028849988	medium
Gottschalkia acidurici	saliva	-4.415274463024112	0.6621823757585278	5.975569806225684e-11	-3.7530920872655837	-5.0774568387826395	model_calculus
Tissierellia sp. JN-28	medium	-0.7898113436731515	0.8518541491315573	0.49622135350995644	0.06204280545840579	-1.6416654928047087	model_calculus
Tissierellia sp. JN-28	saliva	-4.506535668300678	0.6878757035876844	1.2863227951664306e-10	-3.818659964712994	-5.194411371888362	model_calculus
Brevibacterium linens	medium	1.1369495875628148	0.7650306080796689	0.2300398350939094	1.9019801956424838	0.3719189794831459	medium
Brevibacterium linens	saliva	-1.3807578867797599	1.2066400188226598	0.2943038686187231	-0.17411786795710005	-2.58739790560242	model_calculus
Microbacterium oxydans	medium	1.1971011277931305	0.2537629400117241	2.167772392748444e-5	1.4508640678048546	0.9433381877814064	medium
Microbacterium oxydans	saliva	3.5899941923212992	0.40031974395006703	1.0236738941400906e-18	3.990313936271366	3.1896744483712323	saliva
Microbacterium oleivorans	medium	-1.7710260445888433	0.46219986052848533	5.992891852481466e-4	-1.3088261840603579	-2.2332259051173287	model_calculus
Microbacterium oleivorans	saliva	-4.219602329599155	0.4760632487871637	2.5501221671184025e-18	-3.7435390808119915	-4.695665578386319	model_calculus
Microbacterium lemovicicum	medium	2.5539159872040367	0.6372836412192473	3.3231036555837675e-4	3.191199628423284	1.9166323459847894	medium
Microbacterium lemovicicum	saliva	-1.2514751572171832	0.27821418996275404	1.0962754033128718e-5	-0.9732609672544291	-1.529689347179937	model_calculus
Curtobacterium flaccumfaciens	medium	0.22567714272170103	0.4512193906465154	0.7564943501631785	0.6768965333682164	-0.22554224792481437	medium
Curtobacterium flaccumfaciens	saliva	-2.222899142288611	0.4654099743974662	3.1595701253850147e-6	-1.7574891678911448	-2.688309116686077	model_calculus
Microterricola viridarii	medium	-0.4275829343696773	0.5665666583215646	0.6020536645028394	0.1389837239518873	-0.9941495926912419	model_calculus
Microterricola viridarii	saliva	-1.4282240787620955	1.1371679515117332	0.24786339511725963	-0.29105612725036223	-2.565392030273829	model_calculus
Brachybacterium sp. P6-10-X1	medium	1.6706424024048296	0.5733938060418821	0.009385343832578413	2.244036208446712	1.0972485963629475	medium
Brachybacterium sp. P6-10-X1	saliva	-0.10975820024705296	1.0567573651152424	0.9251628226676891	0.9469991648681895	-1.1665155653622954	model_calculus
Arthrobacter sp. QXT-31	medium	-0.07197793696916155	0.48800397068261336	0.9249368083041982	0.4160260337134518	-0.5599819076517749	model_calculus
Arthrobacter sp. QXT-31	saliva	2.290979802252126	0.5188195896472877	1.6032468321555654e-5	2.8097993918994137	1.7721602126048386	saliva
Arthrobacter alpinus	medium	0.5632419761819636	0.41715543602243127	0.2805738606774383	0.9803974122043948	0.14608654015953232	medium
Arthrobacter alpinus	saliva	2.6915325604361424	0.4155696670533269	2.0881988065025887e-10	3.1071022274894693	2.2759628933828155	saliva
Arthrobacter crystallopoietes	medium	1.197101127793131	0.25376294001172417	2.167772392748444e-5	1.4508640678048552	0.9433381877814068	medium
Arthrobacter crystallopoietes	saliva	3.295243732944786	0.24196629889362511	1.9170782856178812e-41	3.537210031838411	3.053277434051161	saliva
Kocuria turfanensis	medium	1.1971011277931303	0.25376294001172417	2.167772392748444e-5	1.4508640678048543	0.9433381877814061	medium
Kocuria turfanensis	saliva	3.3229065887165694	0.3110670206442123	5.940656945741058e-26	3.6339736093607815	3.0118395680723573	saliva
Kocuria flava	medium	1.1971011277931307	0.2537629400117241	2.167772392748444e-5	1.4508640678048548	0.9433381877814067	medium
Kocuria flava	saliva	3.578679248626724	0.3166804526186519	6.64840875201507e-29	3.8953597012453756	3.261998796008072	saliva
Rothia terrae	medium	1.1971011277931298	0.2537629400117241	2.167772392748444e-5	1.4508640678048539	0.9433381877814058	medium
Rothia terrae	saliva	4.420441943878506	0.26187619965840137	5.859924083198445e-63	4.682318143536907	4.158565744220105	saliva
Rothia aeria	medium	1.503447557871615	1.074434532206542	0.2643053396619762	2.577882090078157	0.42901302566507304	medium
Rothia aeria	saliva	5.682385439564876	0.5341084483434039	9.087233588820023e-26	6.21649388790828	5.148276991221472	saliva
Rothia dentocariosa	medium	6.853597770222086	0.5164353952535036	1.2008261715053392e-37	7.370033165475589	6.337162374968583	medium
Rothia dentocariosa	saliva	10.439513630246939	0.2804892998144747	5.933562758680052e-301	10.720002930061414	10.159024330432464	saliva
Rothia mucilaginosa	medium	1.2808922241647795	0.6533489394367517	0.09450459466248513	1.934241163601531	0.6275432847280279	medium
Rothia mucilaginosa	saliva	5.859298318135696	0.4299038194620583	1.7155380056843046e-41	6.289202137597755	5.429394498673638	saliva
Rothia sp. ZJ932	medium	0.5490029480143428	0.4244891011954056	0.3065107571716845	0.9734920492097484	0.12451384681893718	medium
Rothia sp. ZJ932	saliva	3.971631640104369	0.5192049606107532	5.729736558571513e-14	4.490836600715122	3.452426679493616	saliva
Micrococcus luteus	medium	1.1971011277931298	0.25376294001172417	2.167772392748444e-5	1.4508640678048539	0.9433381877814057	medium
Micrococcus luteus	saliva	3.344098196283152	0.2203196143802609	3.5319496430279117e-51	3.564417810663413	3.1237785819028914	saliva
Haloactinobacterium sp. HY164	medium	1.2043573320202003	0.7917462197054759	0.2180436859918087	1.9961035517256762	0.41261111231472447	medium
Haloactinobacterium sp. HY164	saliva	-1.4339479814489056	1.179052833315526	0.26448894449235555	-0.25489514813337966	-2.6130008147644315	model_calculus
Xylanimonas allomyrinae	medium	0.8832119024593843	0.3608068144744232	0.0316138627679496	1.2440187169338075	0.5224050879849611	medium
Xylanimonas allomyrinae	saliva	4.008073949183808	0.4412822640183647	3.688230767693454e-19	4.449356213202173	3.5667916851654438	saliva
Georgenia sp. Z443	medium	-0.7826167471569265	0.6213771858650096	0.3181074996246377	-0.16123956129191697	-1.403993933021936	model_calculus
Georgenia sp. Z443	saliva	1.8640737743505071	0.615971061133408	0.003378367540726592	2.4800448354839153	1.248102713217099	saliva
Georgenia faecalis	medium	0.8877630320583925	0.4238111642938932	0.07195095913574265	1.3115741963522858	0.46395186776449926	medium
Georgenia faecalis	saliva	1.7199013878131044	1.2783439311600096	0.21370433180331272	2.998245318973114	0.44155745665309487	saliva
Beutenbergia cavernae	medium	1.1358963424353012	0.7545153537308705	0.22266039193599996	1.8904116961661717	0.3813809887044307	medium
Beutenbergia cavernae	saliva	-1.1080099659778313	1.1403549208186516	0.368966884372762	0.03234495484082034	-2.248364886796483	model_calculus
Luteimicrobium xylanilyticum	medium	-0.878300839457264	0.5516658795925019	0.19310554656391976	-0.3266349598647621	-1.4299667190497658	model_calculus
Luteimicrobium xylanilyticum	saliva	-1.8054277273116306	1.1831109144783098	0.15631971098828779	-0.6223168128333207	-2.9885386417899404	model_calculus
Tessaracoccus flavescens	medium	1.1971011277931303	0.2537629400117241	2.167772392748444e-5	1.4508640678048543	0.9433381877814062	medium
Tessaracoccus flavescens	saliva	3.8654115675478016	0.30346825635468166	2.0139406508929388e-36	4.168879823902484	3.56194331119312	saliva
Tessaracoccus aquimaris	medium	1.2007059449502646	0.7356317852599935	0.18064688284612268	1.936337730210258	0.4650741596902711	medium
Tessaracoccus aquimaris	saliva	2.7206371436134162	0.48119520116061903	3.172715086733056e-8	3.201832344774035	2.2394419424527974	saliva
Tessaracoccus flavus	medium	1.1971011277931305	0.25376294001172417	2.167772392748444e-5	1.4508640678048548	0.9433381877814063	medium
Tessaracoccus flavus	saliva	3.947366342867663	0.29599117579464335	8.37430781004004e-40	4.2433575186623065	3.6513751670730197	saliva
Acidipropionibacterium acidipropionici	medium	-0.4213763718853314	0.4791265504310717	0.5254330139388623	0.05775017854574033	-0.9005029223164032	model_calculus
Acidipropionibacterium acidipropionici	saliva	0.5857878660271112	1.3656672788795567	0.7039659232769753	1.951455144906668	-0.7798794128524456	saliva
Cutibacterium avidum	medium	-1.8164804632913176	0.5201589519101965	0.0018533134132833779	-1.2963215113811213	-2.336639415201514	model_calculus
Cutibacterium avidum	saliva	0.8616025458156318	0.5298050010222779	0.1301443069368419	1.3914075468379097	0.3317975447933539	saliva
Propionibacterium freudenreichii	medium	-1.458443789446862	0.6370165016622126	0.04620171428945324	-0.8214272877846495	-2.0954602911090747	model_calculus
Propionibacterium freudenreichii	saliva	-0.46837731633027013	1.424688140198465	0.7677127640891098	0.9563108238681949	-1.8930654565287353	model_calculus
Propionibacterium acidifaciens	medium	-1.121454506807614	0.502443296965318	0.05303775001242175	-0.6190112098422961	-1.6238978037729321	model_calculus
Propionibacterium acidifaciens	saliva	1.4313009542238198	0.4942354039054856	0.005117051584071313	1.9255363581293055	0.9370655503183342	saliva
Propionibacterium australiense	medium	-0.4746315166879129	0.49675684324329605	0.4816508216546255	0.02212532655538313	-0.971388359931209	model_calculus
Propionibacterium australiense	saliva	2.3680265071700837	0.49404255850980366	2.932151348402112e-6	2.8620690656798873	1.87398394866028	saliva
Propioniciclava sp. HDW11	medium	2.8378165553458654	0.6185969817926381	3.759488677586772e-5	3.4564135371385034	2.2192195735532274	medium
Propioniciclava sp. HDW11	saliva	1.794161207412916	1.1436684071005208	0.14413449542799778	2.937829614513437	0.6504928003123953	saliva
Pseudopropionibacterium propionicum	medium	0.5684655170399562	0.5564807517901045	0.44470814522422764	1.1249462688300607	0.011984765249851703	medium
Pseudopropionibacterium propionicum	saliva	3.768936728360779	0.3783883338702915	9.076808853918492e-23	4.1473250622310704	3.3905483944904873	saliva
Mycobacterium sp. JS623	medium	0.18767410505400406	0.5298169398532129	0.8185083100096492	0.7174910449072169	-0.3421428347992088	medium
Mycobacterium sp. JS623	saliva	-2.2609021799563074	0.5419534071566118	4.5858538349964854e-5	-1.7189487727996955	-2.8028555871129193	model_calculus
Corynebacterium tuberculostearicum	medium	-0.11197026454424353	0.48618305665209527	0.8826162929800613	0.37421279210785174	-0.5981533211963388	model_calculus
Corynebacterium tuberculostearicum	saliva	0.541942478014412	1.2357302551328722	0.6986935987860189	1.7776727331472841	-0.6937877771184602	saliva
Corynebacterium simulans	medium	0.20064212833877493	0.5568237046224542	0.8169977897417924	0.7574658329612292	-0.3561815762836793	medium
Corynebacterium simulans	saliva	-2.247934156671537	0.5683837997363327	1.1227046052906274e-4	-1.6795503569352044	-2.8163179564078695	model_calculus
Corynebacterium matruchotii	medium	2.609079550344028	0.6691968537514581	4.79224285594387e-4	3.278276404095486	1.93988269659257	medium
Corynebacterium matruchotii	saliva	7.1248847124581	0.3874439422693643	1.7551879864366154e-74	7.512328654727464	6.737440770188736	saliva
Corynebacterium vitaeruminis	medium	1.1971011277931298	0.25376294001172417	2.167772392748444e-5	1.4508640678048539	0.9433381877814057	medium
Corynebacterium vitaeruminis	saliva	3.4101195174932037	0.2135043798319515	1.5292573266946686e-56	3.6236238973251553	3.196615137661252	saliva
Gordonia insulae	medium	-0.07177860154424853	0.48785747328473855	0.9249368083041982	0.41607887174049	-0.559636074828987	model_calculus
Gordonia insulae	saliva	-2.5203548865545606	0.5010113970889353	9.206880760584212e-7	-2.0193434894656255	-3.021366283643496	model_calculus
Streptomyces venezuelae	medium	-1.5496186129978016	0.4838124110915855	0.004648988642714146	-1.065806201906216	-2.033431024089387	model_calculus
Streptomyces venezuelae	saliva	-2.494575062502496	1.1397076479327393	0.03786311390288455	-1.3548674145697566	-3.634282710435235	model_calculus
Pseudonocardia sp. HH130630-07	medium	0.2504302963780769	0.4607261269989141	0.7350001458696153	0.7111564233769909	-0.21029583062083718	medium
Pseudonocardia sp. HH130630-07	saliva	-2.198145988632235	0.47463256301338713	6.045498121966919e-6	-1.7235134256188478	-2.672778551645622	model_calculus
Actinomyces sp. oral taxon 414	medium	-2.9200428560207903	0.7412165608457323	4.105442443158178e-4	-2.178826295175058	-3.6612594168665225	model_calculus
Actinomyces sp. oral taxon 414	saliva	1.536494132593687	0.2201473133446794	7.297544996800502e-12	1.7566414459383664	1.3163468192490075	saliva
Actinomyces sp. ZJ34	medium	-3.0218838159701833	0.5972321589569496	9.84813863748918e-6	-2.424651657013234	-3.6191159749271327	model_calculus
Actinomyces sp. ZJ34	saliva	0.4286537471994645	0.45331305293767143	0.38237149699347583	0.8819668001371359	-0.02465930573820696	saliva
Actinomyces sp. zg-993	medium	-2.503466356399355	0.7217002300791159	0.001957346919508168	-1.781766126320239	-3.225166586478471	model_calculus
Actinomyces sp. zg-993	saliva	-0.12147372286190605	0.45275183225292126	0.8115223271309477	0.3312781093910152	-0.5742255551148273	model_calculus
Actinomyces sp. Z16	medium	-2.4877662377410874	0.7277101542791522	0.0023077633933072184	-1.7600560834619352	-3.2154763920202396	model_calculus
Actinomyces sp. Z16	saliva	0.5237592338956405	0.6123198768871632	0.4315817953844829	1.1360791107828037	-0.08856064299152266	saliva
Actinomyces sp. ZJ750	medium	-2.95237896253295	0.6636525870823458	6.758324680342592e-5	-2.2887263754506044	-3.616031549615296	model_calculus
Actinomyces sp. ZJ750	saliva	0.49832082506488606	0.537641202825126	0.39184531541513334	1.0359620278900121	-0.03932037776023989	saliva
Actinomyces sp. 432	medium	-1.1387596258712551	0.8283657935936548	0.2719923862243463	-0.3103938322776003	-1.96712541946491	model_calculus
Actinomyces sp. 432	saliva	-0.14488600702876875	0.43126687848906303	0.7651641539543339	0.2863808714602943	-0.5761528855178317	model_calculus
Actinomyces slackii	medium	-3.098912662907287	0.6454581603144415	2.167772392748444e-5	-2.453454502592846	-3.7443708232217285	model_calculus
Actinomyces slackii	saliva	0.5828840507963526	0.4918348567348783	0.2768707878243437	1.074718907531231	0.09104919406147433	saliva
Actinomyces weissii	medium	-1.5668440047187362	0.7745765855492589	0.0837987772701529	-0.7922674191694773	-2.341420590267995	model_calculus
Actinomyces weissii	saliva	0.10939585659757833	0.5061222658871989	0.8432481807273429	0.6155181224847772	-0.39672640928962055	saliva
Actinomyces radicidentis	medium	-2.665104547357081	0.6503265274836366	2.4037066580428576e-4	-2.0147780198734444	-3.3154310748407174	model_calculus
Actinomyces radicidentis	saliva	-0.03603491860163888	0.36801758595121653	0.9272673247765851	0.33198266734957765	-0.4040525045528554	model_calculus
Actinomyces qiguomingii	medium	-2.162304948101984	0.5644418402767186	5.992891852481466e-4	-1.5978631078252652	-2.726746788378702	model_calculus
Actinomyces qiguomingii	saliva	1.115956203650962	0.5617358068638976	0.061001732168388126	1.6776920105148596	0.5542203967870645	saliva
Actinomyces viscosus	medium	-2.726181661825669	0.900917727862443	0.007115009688461011	-1.825263933963226	-3.627099389688112	model_calculus
Actinomyces viscosus	saliva	0.25231706019960165	0.3902303022431988	0.5626574074810052	0.6425473624428004	-0.13791324204359717	saliva
Actinomyces oris	medium	-1.808692746521071	0.8306802852803438	0.060628380140082955	-0.9780124612407272	-2.639373031801415	model_calculus
Actinomyces oris	saliva	0.6292612884337092	0.43009113592964193	0.17411040567085717	1.0593524243633512	0.19917015250406728	saliva
Actinomyces howellii	medium	-2.8976737635349417	0.6730137563662943	1.172824665309449e-4	-2.224660007168647	-3.5706875199012362	model_calculus
Actinomyces howellii	saliva	0.5414170194694672	0.5391380798968411	0.3545519529510384	1.0805550993663084	0.0022789395726260375	saliva
Actinomyces lilanjuaniae	medium	-2.0207379194039277	0.6213730810157555	0.004073771810518569	-1.399364838388172	-2.6421110004196833	model_calculus
Actinomyces lilanjuaniae	saliva	0.9842368900878347	0.6167741968669338	0.137975975976034	1.6010110869547685	0.36746269322090086	saliva
Actinomyces procaprae	medium	-2.2737196966340463	0.5873316498027181	5.293178414284163e-4	-1.6863880468313281	-2.8610513464367644	model_calculus
Actinomyces procaprae	saliva	1.1282368508495	0.5761522681546327	0.06473112109340216	1.7043891190041327	0.5520845826948673	saliva
Actinomyces marmotae	medium	-1.8535502816464366	0.7000066133124975	0.018996119753786258	-1.1535436683339393	-2.553556894958934	model_calculus
Actinomyces marmotae	saliva	0.9075130591591751	0.5992372190576911	0.1591537875362436	1.5067502782168662	0.308275840101484	saliva
Trueperella pyogenes	medium	-3.1923718928089584	0.5083274756059478	2.38128275820579e-8	-2.6840444172030105	-3.7006993684149063	model_calculus
Trueperella pyogenes	saliva	-0.9070674534257185	0.36979549625744973	0.01889518703213197	-0.5372719571682687	-1.2768629496831683	model_calculus
Flaviflexus sp. dk850	medium	0.24615483030321705	0.5158900411288369	0.7675777956918189	0.7620448714320539	-0.2697352108256198	medium
Flaviflexus sp. dk850	saliva	2.800591144235778	0.5051332184775293	5.870559748572184e-8	3.305724362713307	2.2954579257582486	saliva
Flaviflexus salsibiostraticola	medium	0.22763850275637332	0.5520608045915095	0.7953187521167641	0.7796993073478828	-0.3244223018351362	medium
Flaviflexus salsibiostraticola	saliva	3.1629762211044428	0.5376112580190501	8.37196451833729e-9	3.700587479123493	2.6253649630853926	saliva
Schaalia cardiffensis	medium	-2.3031335506024453	0.8429534089776547	0.01548535558692592	-1.4601801416247906	-3.1460869595801	model_calculus
Schaalia cardiffensis	saliva	-0.4555353501056325	0.4611291623932911	0.361181785638646	0.005593812287658595	-0.9166645124989237	model_calculus
Schaalia sp. ZJ405	medium	-1.5598764410582158	0.878244325322319	0.13737331146723097	-0.6816321157358968	-2.4381207663805347	model_calculus
Schaalia sp. ZJ405	saliva	0.9526036415135346	0.7952228360241836	0.2718910525682855	1.7478264775377181	0.15738080548935096	saliva
Schaalia meyeri	medium	-0.37332564137526525	0.48523929363738255	0.5933984517246949	0.1119136522621173	-0.8585649350126479	model_calculus
Schaalia meyeri	saliva	-0.8381873256014294	0.4524313065322523	0.08213619832592045	-0.3857560190691771	-1.2906186321336817	model_calculus
Pauljensenia hongkongensis	medium	-0.12215144382371679	0.6167753408833311	0.899207574965529	0.4946238970596143	-0.7389267847070479	model_calculus
Pauljensenia hongkongensis	saliva	-0.021484163778345833	0.5792119252927482	0.9731763078930099	0.5577277615144024	-0.6006960890710941	model_calculus
Actinobaculum sp. 313	medium	0.5265667085982311	0.43715508211269366	0.34293489606947963	0.9637217907109248	0.08941162648553741	medium
Actinobaculum sp. 313	saliva	3.5525015583208575	0.42505202916945795	1.9729438686916294e-16	3.9775535874903154	3.1274495291513995	saliva
Actinomadura verrucosospora	medium	-0.19190950087331116	0.7609793158673057	0.8730175476569568	0.5690698149939946	-0.9528888167406169	model_calculus
Actinomadura verrucosospora	saliva	-4.002587305907484	0.49837928396785297	2.8311995876798418e-15	-3.504208021939631	-4.500966589875337	model_calculus
Nonomuraea nitratireducens	medium	-0.3213605395356858	0.6882239145093929	0.7721596056177255	0.36686337497370713	-1.0095844540450787	model_calculus
Nonomuraea nitratireducens	saliva	-3.581219572421135	0.5239272756050877	1.919864017505688e-11	-3.057292296816047	-4.105146848026223	model_calculus
Bifidobacterium longum	medium	-2.0125636277759162	0.75325721924473	0.017943038316996614	-1.2593064085311862	-2.7658208470206462	model_calculus
Bifidobacterium longum	saliva	-4.8364844694045175	1.109615842033421	2.0559989629817985e-5	-3.7268686273710965	-5.946100311437938	model_calculus
Bifidobacterium breve	medium	-3.031777572792435	0.5740245394859047	3.777242631661911e-6	-2.4577530333065303	-3.60580211227834	model_calculus
Bifidobacterium breve	saliva	-6.235525079337877	0.3853571981866442	5.6070998784889724e-58	-5.850167881151233	-6.620882277524521	model_calculus
Bifidobacterium scardovii	medium	0.5680046995426974	0.8194757163396513	0.6306274179210026	1.3874804158823486	-0.25147101679695394	medium
Bifidobacterium scardovii	saliva	-3.56489281726335	0.5967807418832687	4.893469762593813e-9	-2.9681120753800814	-4.161673559146618	model_calculus
Bifidobacterium choerinum	medium	-2.6434222783875136	0.4646610095235037	4.999986301828174e-7	-2.17876126886401	-3.1080832879110174	model_calculus
Bifidobacterium choerinum	saliva	-5.091998563397821	0.4784530902237324	8.857658474153739e-26	-4.613545473174089	-5.570451653621554	model_calculus
Parascardovia denticolens	medium	-1.428214594059153	1.1108780103724611	0.30790037033234097	-0.31733658368669193	-2.539092604431614	model_calculus
Parascardovia denticolens	saliva	-5.648844453452594	1.137365496805002	1.242676516203207e-6	-4.511478956647592	-6.7862099502575965	model_calculus
Frankia sp. EAN1pec	medium	0.17552073829204295	0.486980140995226	0.8169977897417924	0.662500879287269	-0.31145940270318306	medium
Frankia sp. EAN1pec	saliva	-0.8123800018269769	1.1091207171662236	0.5071111576503864	0.29674071533924673	-1.9215007189932005	model_calculus
Catenulispora acidiphila	medium	-0.8790164765119024	0.5632243428131553	0.2036411033942478	-0.31579213369874715	-1.4422408193250575	model_calculus
Catenulispora acidiphila	saliva	-3.327592761522214	0.5746556935335696	1.443850502065004e-8	-2.7529370679886442	-3.9022484550557834	model_calculus
Epidermidibacterium keratini	medium	0.27481366074510616	0.6225940653579689	0.7810027208373094	0.8974077261030751	-0.34778040461286275	medium
Epidermidibacterium keratini	saliva	-2.586476062769714	0.5263605821320149	1.6117725369695123e-6	-2.060115480637699	-3.112836644901729	model_calculus
Eggerthella lenta	medium	0.06332555003200713	0.24096819532170966	0.8719783466655351	0.3042937453537168	-0.17764264528970253	medium
Eggerthella lenta	saliva	-8.436200007131124	0.27683893891899025	5.17772352012754e-202	-8.159361068212133	-8.713038946050114	model_calculus
Cryptobacterium curtum	medium	1.2573512422397164	0.6769619735483584	0.11639048188121534	1.934313215788075	0.580389268691358	medium
Cryptobacterium curtum	saliva	-4.082375199435868	0.5673262745385642	1.5819605630824957e-12	-3.5150489248973034	-4.649701473974432	model_calculus
Olsenella sp. oral taxon 807	medium	0.11639685132339217	0.22439431917216662	0.7485689352380962	0.3407911704955588	-0.10799746784877445	medium
Olsenella sp. oral taxon 807	saliva	-0.2437254282958048	0.17787176203381483	0.20497063165785426	-0.06585366626198996	-0.4215971903296196	model_calculus
Olsenella uli	medium	-0.024605960110440916	0.2351915140745933	0.9407293271093637	0.21058555396415238	-0.2597974741850342	model_calculus
Olsenella uli	saliva	-5.967188548933617	0.25574430338500426	5.200699380995835e-119	-5.711444245548613	-6.222932852318621	model_calculus
Mycoplasma salivarium	medium	1.1971011277931298	0.25376294001172417	2.167772392748444e-5	1.4508640678048539	0.9433381877814057	medium
Mycoplasma salivarium	saliva	3.79812155738224	0.3670744924339115	1.8998438627499433e-24	4.165196049816151	3.4310470649483285	saliva
Fusobacterium sp. NSJ-57	medium	-0.11756767417061775	0.6673040141332388	0.9115085538187454	0.5497363399626211	-0.7848716883038566	model_calculus
Fusobacterium sp. NSJ-57	saliva	-2.5661439591809296	0.6769801718304392	2.1682490014533832e-4	-1.8891637873504905	-3.2431241310113688	model_calculus
Fusobacterium nucleatum	medium	2.503346230410429	0.4081846820948194	4.33986657655483e-8	2.911530912505248	2.09516154831561	medium
Fusobacterium nucleatum	saliva	-2.704771746931243	0.3565640405214552	9.097328429939963e-14	-2.348207706409788	-3.0613357874526983	model_calculus
Fusobacterium varium	medium	-2.105593322363394	0.703003082106079	0.007714652242801389	-1.402590240257315	-2.808596404469473	model_calculus
Fusobacterium varium	saliva	-5.329188023599487	0.5623684152296738	9.759169977420326e-21	-4.766819608369813	-5.891556438829161	model_calculus
Fusobacterium gonidiaformans	medium	-1.0192238576110526	0.8852069179094985	0.37223893734171465	-0.13401693970155415	-1.904430775520551	model_calculus
Fusobacterium gonidiaformans	saliva	-4.780523293501482	0.6927202919397571	1.2273850051486732e-11	-4.087803001561725	-5.47324358544124	model_calculus
Fusobacterium necrophorum	medium	-0.7061745815416238	0.9556295843893182	0.6057484149482155	0.2494550028476944	-1.661804165930942	model_calculus
Fusobacterium necrophorum	saliva	-3.7233812244855216	0.30976918868271114	1.490432232093759e-32	-3.4136120358028106	-4.033150413168233	model_calculus
Fusobacterium hwasookii	medium	4.269739034022556	0.8539693639623901	1.2620928362618384e-5	5.123708397984946	3.4157696700601656	medium
Fusobacterium hwasookii	saliva	-0.18436394365189912	1.4457373182776199	0.9114739910633382	1.2613733746257207	-1.630101261929519	model_calculus
Leptotrichia sp. oral taxon 212	medium	1.1732116411470883	0.4986516668124447	0.03927700448161205	1.671863307959533	0.6745599743346435	medium
Leptotrichia sp. oral taxon 212	saliva	-0.10697217771875112	0.2944987654563928	0.7461041474254072	0.1875265877376417	-0.4014709431751439	model_calculus
Capnocytophaga sputigena	medium	1.915849830247381	0.7963523893121602	0.03463747486993457	2.712202219559541	1.1194974409352207	medium
Capnocytophaga sputigena	saliva	7.131975889318306	0.5256529119102239	3.770277077374385e-41	7.65762880122853	6.606322977408082	saliva
Chryseobacterium indologenes	medium	2.8080510081664096	0.6059677633840187	3.079375953399186e-5	3.4140187715504284	2.202083244782391	medium
Chryseobacterium indologenes	saliva	-1.2514751572171834	0.27821418996275393	1.0962754033128718e-5	-0.9732609672544295	-1.5296893471799373	model_calculus
Epilithonimonas vandammei	medium	-0.45287030208362244	0.5696451031837289	0.5753527735249597	0.1167748011001064	-1.0225154052673513	model_calculus
Epilithonimonas vandammei	saliva	-2.9014465870939334	0.5809501263916192	1.099686489702288e-6	-2.320496460702314	-3.482396713485553	model_calculus
Blattabacterium cuenoti	medium	-0.365985653063561	0.8350668981368106	0.7810027208373094	0.46908124507324955	-1.2010525512003716	model_calculus
Blattabacterium cuenoti	saliva	-5.208077816692654	0.5070210417872484	4.04852170993051e-24	-4.701056774905406	-5.7150988584799025	model_calculus
Bacteroides sp. CBA7301	medium	2.662835187454038	0.863191197740967	0.006179393767282718	3.5260263851950047	1.799643989713071	medium
Bacteroides sp. CBA7301	saliva	-2.311834440798976	0.49298904372488583	4.704363985186644e-6	-1.8188453970740903	-2.8048234845238618	model_calculus
Bacteroides sp. HF-5287	medium	1.236580268159361	1.004433969472389	0.33117953467473515	2.2410142376317497	0.232146298686972	medium
Bacteroides sp. HF-5287	saliva	-2.5249563101346237	1.2515126752645642	0.057106313998232	-1.2734436348700595	-3.776468985399188	model_calculus
Bacteroides fragilis	medium	0.5095446350738773	0.8449109860055856	0.6969330162408737	1.3544556210794627	-0.3353663509317083	medium
Bacteroides fragilis	saliva	-3.82407559952148	1.3175862387167379	0.005033914881395489	-2.5064893608047423	-5.1416618382382175	model_calculus
Bacteroides thetaiotaomicron	medium	1.521992555487334	0.925678253935083	0.17802062032333196	2.4476708094224167	0.596314301552251	medium
Bacteroides thetaiotaomicron	saliva	-0.8108285004887932	1.3580693840915035	0.5943804559343692	0.5472408836027103	-2.1688978845802964	model_calculus
Bacteroides eggerthii	medium	1.927008881566137	1.0107835781744108	0.10595907569194049	2.937792459740548	0.9162253033917263	medium
Bacteroides eggerthii	saliva	-0.7847606826802177	1.3722487155028378	0.6070702468432828	0.5874880328226201	-2.1570093981830554	model_calculus
Bacteroides heparinolyticus	medium	1.1849348825541643	0.9380111350888808	0.31741837019623387	2.122946017643045	0.24692374746528356	medium
Bacteroides heparinolyticus	saliva	-3.3799237555519634	1.3327130767062465	0.015116779567767972	-2.047210678845717	-4.71263683225821	model_calculus
Bacteroides zoogleoformans	medium	1.38918207344861	0.7674415241609529	0.12816625254139166	2.156623597609563	0.6217405492876571	medium
Bacteroides zoogleoformans	saliva	-2.2350980543617904	0.40353919800449917	6.02470365073697e-8	-1.8315588563572913	-2.6386372523662898	model_calculus
Bacteroides cellulosilyticus	medium	2.657137263312935	0.8884674347788721	0.007714652242801389	3.5456046980918074	1.768669828534063	medium
Bacteroides cellulosilyticus	saliva	-2.169152756660899	1.195051195431129	0.08832604095247103	-0.9741015612297699	-3.3642039520920277	model_calculus
Bacteroides helcogenes	medium	2.5842044453399593	0.9425256155728557	0.015147392655129426	3.526730060912815	1.6416788297671037	medium
Bacteroides helcogenes	saliva	0.5830159657868763	0.5156622301235426	0.2989878181053107	1.098678195910419	0.06735373566333369	saliva
Bacteroides intestinalis	medium	2.697271470168584	0.9282823167294202	0.009555655393218565	3.625553786898004	1.7689891534391635	medium
Bacteroides intestinalis	saliva	-2.138594742712665	1.2707144690696248	0.11613207794129854	-0.8678802736430402	-3.40930921178229	model_calculus
Bacteroides uniformis	medium	2.509825905892865	0.9467928044100345	0.018966520495800197	3.4566187103028994	1.5630331014828305	medium
Bacteroides uniformis	saliva	-0.13835750865652185	0.5829826101929206	0.8312962203127885	0.4446251015363988	-0.7213401188494425	model_calculus
Bacteroides ovatus	medium	0.9562835780161707	0.8764844876631868	0.4053939858716458	1.8327680656793575	0.07979909035298394	medium
Bacteroides ovatus	saliva	-3.587423466477755	0.4922452410091037	8.210046165381072e-13	-3.095178225468651	-4.079668707486858	model_calculus
Bacteroides xylanisolvens	medium	0.8130628724048587	0.8702303736644424	0.4940124428566851	1.6832932460693013	-0.0571675012595837	medium
Bacteroides xylanisolvens	saliva	-4.093235572572927	0.5409386783771192	1.042901107242218e-13	-3.5522968941958077	-4.634174250950046	model_calculus
Bacteroides coprosuis	medium	1.4889012284407503	0.7952193471656662	0.1133125358412579	2.2841205756064165	0.6936818812750841	medium
Bacteroides coprosuis	saliva	-2.688431328682272	0.5341166761956397	9.118246590960569e-7	-2.154314652486632	-3.222548004877912	model_calculus
Phocaeicola salanitronis	medium	1.3505174928760246	0.9626860923178947	0.26425898363078737	2.313203585193919	0.3878314005581299	medium
Phocaeicola salanitronis	saliva	-3.829902458540101	1.247841456682715	0.002939501880620706	-2.582061001857386	-5.0777439152228165	model_calculus
Phocaeicola coprophilus	medium	2.0878433141746564	1.0453841945456068	0.08858651176080726	3.133227508720263	1.0424591196290496	medium
Phocaeicola coprophilus	saliva	0.5847341944253106	0.5296344106236469	0.30980018520301034	1.1143686050489574	0.05509978380166369	saliva
Phocaeicola vulgatus	medium	2.290922016314669	0.8848351808120873	0.02199511907395543	3.175757197126756	1.4060868355025815	medium
Phocaeicola vulgatus	saliva	0.1905186068619218	0.5827526017762276	0.7677127640891098	0.7732712086381494	-0.3922339949143058	saliva
Prevotella ruminicola	medium	2.738138135757956	0.8634414405224207	0.005041405057483052	3.601579576280377	1.8746966952355355	medium
Prevotella ruminicola	saliva	-0.27550103231078105	0.5274298147069761	0.6395863516201069	0.2519287823961951	-0.8029308470177572	model_calculus
Prevotella enoeca	medium	0.3546891183754207	0.47112873544885975	0.6020536645028394	0.8258178538242804	-0.11643961707343903	medium
Prevotella enoeca	saliva	-2.541018032284907	0.2684860613167679	1.0841878912279038e-20	-2.272531970968139	-2.809504093601675	model_calculus
Prevotella intermedia	medium	1.126167125034592	0.42563735467087493	0.018996119753786258	1.5518044797054669	0.700529770363717	medium
Prevotella intermedia	saliva	-1.4714332134655186	0.4576282829248886	0.001827138536965423	-1.01380493054063	-1.9290614963904071	model_calculus
Prevotella fusca	medium	1.6114839433265256	0.40657823287050116	3.8354539886002644e-4	2.0180621761970268	1.2049057104560243	medium
Prevotella fusca	saliva	-2.5711125780183623	0.26753196182816874	2.7930346762221697e-21	-2.3035806161901937	-2.838644539846531	model_calculus
Prevotella denticola	medium	2.4963768914180307	0.7169300197968127	0.00190391763493314	3.2133069112148434	1.779446871621218	medium
Prevotella denticola	saliva	-1.3812701100057216	0.3635022742009605	2.096905924463524e-4	-1.017767835804761	-1.7447723842066822	model_calculus
Prevotella oris	medium	-1.3677331727832684	0.4637271648596557	0.008701035303623397	-0.9040060079236127	-1.8314603376429242	model_calculus
Prevotella oris	saliva	-4.304667803026552	0.4281098553275818	3.531061257125822e-23	-3.8765579476989704	-4.732777658354134	model_calculus
Prevotella dentalis	medium	2.225341669661302	0.5907936086786401	7.384210828539491e-4	2.8161352783399423	1.6345480609826621	medium
Prevotella dentalis	saliva	-2.3216040570347434	0.23022590266125004	2.6607302386054815e-23	-2.0913781543734933	-2.5518299596959935	model_calculus
Prevotella sp. oral taxon 299	medium	2.4124921896128333	0.3655128993565319	3.6110473192235726e-9	2.778005088969365	2.0469792902563015	medium
Prevotella sp. oral taxon 299	saliva	-0.1499583457232634	0.3567322484746693	0.7084316442497325	0.2067739027514059	-0.5066905941979327	model_calculus
Parabacteroides distasonis	medium	-0.022061252833430522	0.9059669132478421	0.994701874802918	0.8839056604144115	-0.9280281660812726	model_calculus
Parabacteroides distasonis	saliva	-3.116232706040175	1.2977629856171662	0.021704294029586055	-1.8184697204230087	-4.413995691657341	model_calculus
Parabacteroides goldsteinii	medium	2.828542872017019	0.7445433870151361	6.727986544232643e-4	3.5730862590321553	2.083999485001883	medium
Parabacteroides goldsteinii	saliva	3.4914708187776258	0.41861715287852475	2.264595068994737e-16	3.9100879716561505	3.072853665899101	saliva
Tannerella forsythia	medium	0.5670639513245824	0.791044628356686	0.6158047717163789	1.3581085796812684	-0.22398067703210356	medium
Tannerella forsythia	saliva	0.3898536148958849	0.570858907590761	0.539066163085554	0.9607125224866458	-0.18100529269487609	saliva
Porphyromonas crevioricanis	medium	1.2086178606455718	0.824307445870253	0.23787153687058807	2.032925306515825	0.3843104147753188	medium
Porphyromonas crevioricanis	saliva	0.31832721032520217	0.5381449756934871	0.5947162988776566	0.8564721860186892	-0.2198177653682849	saliva
Porphyromonas cangingivalis	medium	3.3876173449535516	0.7540502280724467	5.629715694948733e-5	4.141667573025998	2.633567116881105	medium
Porphyromonas cangingivalis	saliva	2.9245890226007765	0.6315398092955107	6.045498121966919e-6	3.556128831896287	2.293049213305266	saliva
Porphyromonas gingivalis	medium	1.0839643835397836	0.5486062269278877	0.0916562516329878	1.6325706104676714	0.5353581566118959	medium
Porphyromonas gingivalis	saliva	-0.7778827126153484	0.49197583345292084	0.1411049143517745	-0.2859068791624275	-1.2698585460682692	model_calculus
Porphyromonas asaccharolytica	medium	3.3019969807757135	0.8214938879812489	3.2076599152367337e-4	4.123490868756963	2.4805030927944647	medium
Porphyromonas asaccharolytica	saliva	3.783462430572264	0.5362274071374323	4.2871035390538905e-12	4.319689837709697	3.2472350234348317	saliva
Alistipes shahii	medium	2.797984132439141	0.8958942165836045	0.005674666854383727	3.6938783490227456	1.9020899158555364	medium
Alistipes shahii	saliva	0.6433206909419587	0.5740391875532037	0.3028576963530073	1.2173598784951625	0.06928150338875494	saliva
Alistipes indistinctus	medium	2.6975610421776715	0.858046929414591	0.005479736014652843	3.5556079715922624	1.8395141127630805	medium
Alistipes indistinctus	saliva	-0.6890091389269483	0.5911400319145115	0.2850994335190816	-0.09786910701243678	-1.2801491708414598	model_calculus
Odoribacter splanchnicus	medium	0.2338611653202448	1.0047044996047587	0.8826162929800613	1.2385656649250034	-0.7708433342845139	medium
Odoribacter splanchnicus	saliva	-3.3413731230343253	1.327790099122574	0.015924587608177967	-2.0135830239117514	-4.669163222156899	model_calculus
Barnesiella viscericola	medium	4.398289473386532	0.9325732217465681	2.167772392748444e-5	5.3308626951331	3.4657162516399636	medium
Barnesiella viscericola	saliva	3.585877797321837	0.47602410856185884	1.3429352345157405e-13	4.061901905883696	3.109853688759978	saliva
Muribaculum intestinale	medium	3.515107858366029	1.0260891435848267	0.0022718519752230803	4.541197001950856	2.489018714781202	medium
Muribaculum intestinale	saliva	2.293868451907256	0.5371428331752635	2.984887289074645e-5	2.8310112850825195	1.7567256187319924	saliva
Sodaliphilus pleomorphus	medium	1.86003845008834	0.9326051146007036	0.08867785906991577	2.7926435646890435	0.9274333354876364	medium
Sodaliphilus pleomorphus	saliva	-0.5582716020140315	0.5072475926630592	0.30980018520301034	-0.05102400935097229	-1.0655191946770906	model_calculus
Paludibacter propionicigenes	medium	1.2614150618413318	0.7996192115593939	0.197872299835319	2.0610342734007254	0.4617958502819379	medium
Paludibacter propionicigenes	saliva	-1.3354774530493556	1.2556177011967824	0.32585069530725835	-0.07985975185257321	-2.591095154246138	model_calculus
Labilibaculum antarcticum	medium	0.9143746591031112	0.6067686813652289	0.22266039193599996	1.52114334046834	0.30760597773788234	medium
Labilibaculum antarcticum	saliva	-0.31596601401591595	1.2287152120015343	0.8179759463086234	0.9127491979856184	-1.5446812260174503	model_calculus
Fibrobacter succinogenes	medium	-0.15598085668785822	0.5032448660054396	0.8454691490423396	0.3472640093175814	-0.6592257226932978	model_calculus
Fibrobacter succinogenes	saliva	-0.9872137203916326	1.2330001765041616	0.46421080085632926	0.24578645611252903	-2.2202138968957943	model_calculus
Akkermansia muciniphila	medium	-0.6325132202572896	0.738669440361847	0.540891364389428	0.10615622010455739	-1.3711826606191366	model_calculus
Akkermansia muciniphila	saliva	-5.250665992652605	0.49334000469208167	8.857658474153739e-26	-4.757325987960524	-5.744005997344686	model_calculus
Treponema parvum	medium	-1.181040089850113	0.551757712304277	0.06499727225880486	-0.629282377545836	-1.73279780215439	model_calculus
Treponema parvum	saliva	1.6473630387552984	0.6610424856486791	0.016997933396399302	2.3084055244039776	0.9863205531066194	saliva
Treponema medium	medium	-0.8954523309635185	0.5606427048016264	0.19207280079642078	-0.33480962616189214	-1.456095035765145	model_calculus
Treponema medium	saliva	4.302237641617458	0.7146788430653237	3.770754980197685e-9	5.016916484682781	3.587558798552134	saliva
Treponema brennaborense	medium	0.2572742657102669	0.45533439254705277	0.7217366712886183	0.7126086582573197	-0.19806012683678587	medium
Treponema brennaborense	saliva	-2.1913020193000454	0.4694005909768659	5.139616500646064e-6	-1.7219014283231795	-2.6607026102769114	model_calculus
Treponema putidum	medium	0.8946649488933259	0.3150584945408757	0.011688203951900301	1.2097234434342017	0.5796064543524502	medium
Treponema putidum	saliva	1.8265295480807864	1.3853536573017662	0.22355058573772396	3.2118832053825526	0.4411758907790202	saliva
Spirochaeta thermophila	medium	-0.08804744795273134	0.49752877615368635	0.9115085538187454	0.409481328200955	-0.5855762241064177	model_calculus
Spirochaeta thermophila	saliva	-2.5366237329630437	0.5104335303192986	1.2303369857286102e-6	-2.026190202643745	-3.0470572632823423	model_calculus
Candidatus Nanosynbacter lyticus	medium	-0.27115951387183257	1.0763157302400423	0.8730175476569568	0.8051562163682098	-1.347475244111875	model_calculus
Candidatus Nanosynbacter lyticus	saliva	3.546494343425305	0.8571561387762603	5.281371010850403e-5	4.403650482201566	2.6893382046490446	saliva
Cutibacterium acnes	medium	1.220387103456185	0.8920602549669067	0.2740719956486219	2.1124473584230916	0.3283268484892784	medium
Cutibacterium acnes	saliva	3.0974732508278455	0.6601240791228226	4.662352989837052e-6	3.757597329950668	2.437349171705023	saliva
Corynebacterium argentoratense	medium	1.4341988431515504	0.7728303741215938	0.11639048188121534	2.2070292172731443	0.6613684690299566	medium
Corynebacterium argentoratense	saliva	3.0919714370543527	0.5765030409212989	1.580231832075803e-7	3.6684744779756517	2.5154683961330537	saliva
Actinomyces sp. Chiba101	medium	-1.1212986421878397	0.7937212786705995	0.2606795781806564	-0.3275773635172402	-1.9150199208584393	model_calculus
Actinomyces sp. Chiba101	saliva	-0.40208871050075334	0.382729770029415	0.3310728869372099	-0.01935894047133835	-0.7848184805301683	model_calculus
Actinomyces israelii	medium	-1.6746008356907485	0.6960484267541135	0.03463747486993457	-0.978552408936635	-2.370649262444862	model_calculus
Actinomyces israelii	saliva	1.055997669433169	0.6162087283638911	0.10923809892435853	1.67220639779706	0.4397889410692779	saliva
Actinomyces naeslundii	medium	-1.5626146916583887	0.7184220019406037	0.060628380140082955	-0.844192689717785	-2.2810366935989923	model_calculus
Actinomyces naeslundii	saliva	1.3827292445761032	0.4233693353656818	0.0015419254629415167	1.806098579941785	0.9593599092104215	saliva
Actinomyces gaoshouyii	medium	-1.8486706114865092	0.565083419219052	0.0038424912990143232	-1.2835871922674573	-2.413754030705561	model_calculus
Actinomyces gaoshouyii	saliva	1.1108800498281322	0.5661147572974554	0.0643551678212134	1.6769948071255876	0.5447652925306767	saliva
Actinomyces wuliandei	medium	-2.0182794885251365	0.6244447327441301	0.004240426976827267	-1.3938347557810062	-2.6427242212692668	model_calculus
Actinomyces wuliandei	saliva	1.1349126394150533	0.6216288452487111	0.08658981367384949	1.7565414846637644	0.5132837941663422	saliva
Scardovia inopinata	medium	1.9713493454554565	0.7603294183640869	0.021904532901728044	2.731678763819543	1.2110199270913697	medium
Scardovia inopinata	saliva	2.8382262622945564	0.48307793518180864	8.73967013496776e-9	3.321304197476365	2.355148327112748	saliva
Paenibacillus sp. 32O-W	medium	-0.07230975653349336	0.5271977956312603	0.9256708447686235	0.454888039097767	-0.5995075521647537	model_calculus
Paenibacillus sp. 32O-W	saliva	-2.520886041543805	0.5393931974837073	5.033843554031769e-6	-1.9814928440600976	-3.060279239027512	model_calculus
Paenibacillus lycopersici	medium	-0.4645161929236574	0.5161237882723071	0.5121604431488547	0.05160759534864967	-0.9806399811959645	model_calculus
Paenibacillus lycopersici	saliva	-2.9130924779339695	0.5285747540261403	6.9686653266759e-8	-2.3845177239078295	-3.4416672319601096	model_calculus
Cohnella candidum	medium	-1.1242211131815179	0.6759510041956021	0.17379504539823312	-0.4482701089859158	-1.80017211737712	model_calculus
Cohnella candidum	saliva	-3.957812158362835	0.5993091691619994	9.150283333737683e-11	-3.3585029892008356	-4.557121327524834	model_calculus
Streptococcus oralis	medium	3.4182956145378824	0.7857603399386552	9.766168536276394e-5	4.204055954476537	2.632535274599227	medium
Streptococcus oralis	saliva	3.038206362862236	0.31819600343166715	4.9407332637756174e-21	3.3564023662939033	2.7200103594305687	saliva
Streptococcus sanguinis	medium	1.941326345345967	0.6633623753446931	0.009072748741615651	2.6046887206906604	1.277963970001274	medium
Streptococcus sanguinis	saliva	2.5857349038785866	0.3391256797102085	6.832820681832272e-14	2.9248605835887953	2.246609224168378	saliva
Streptococcus mutans	medium	1.3559693747084882	0.6023501363427548	0.050773831609566236	1.958319511051243	0.7536192383657334	medium
Streptococcus mutans	saliva	-0.5374157059876055	0.5056852448965655	0.32585069530725835	-0.03173046109103994	-1.0431009508841709	model_calculus
Streptococcus parasanguinis	medium	4.55260176843532	0.4849840836481327	1.0853160905259063e-18	5.037585852083453	4.067617684787187	medium
Streptococcus parasanguinis	saliva	3.7824319653266443	0.2709916445772602	1.839703918247931e-43	4.053423609903905	3.511440320749384	saliva
Abiotrophia defectiva	medium	1.9460683348713759	1.5047837923047784	0.3065107571716845	3.4508521271761543	0.44128454256659744	medium
Abiotrophia defectiva	saliva	4.618252289590311	0.5727372722714457	2.1935252805916224e-15	5.190989561861756	4.045515017318865	saliva
Aminipila sp. JN-18	medium	-0.04771381254358409	0.8910509877767657	0.9738959522885159	0.8433371752331816	-0.9387648003203498	model_calculus
Aminipila sp. JN-18	saliva	-0.31460680502165594	0.5295120073885328	0.5946488532219744	0.21490520236687682	-0.8441188124101887	model_calculus
Mogibacterium diversum	medium	-0.2780795474322153	0.38548082265127903	0.6158047717163789	0.10740127521906373	-0.6635603700834943	model_calculus
Mogibacterium diversum	saliva	-3.2742375198840623	0.3631167308316283	6.6687650514358515e-19	-2.911120789052434	-3.6373542507156906	model_calculus
Desulfosporosinus orientis	medium	-0.42554160030806853	0.5005323173642718	0.5413213391362605	0.0749907170562033	-0.9260739176723404	model_calculus
Desulfosporosinus orientis	saliva	-2.8741178853183795	0.5133615748176771	4.345915995050995e-8	-2.3607563105007023	-3.3874794601360567	model_calculus
Desulfosporosinus youngiae	medium	-1.9037069338293433	0.5040363846742371	7.258394863915988e-4	-1.3996705491551062	-2.4077433185035804	model_calculus
Desulfosporosinus youngiae	saliva	-4.352283218839654	0.5167786594362358	1.1637184709988535e-16	-3.835504559403418	-4.86906187827589	model_calculus
Selenomonas sputigena	medium	-4.343651877758903	0.6125992411162376	1.5675919568608693e-10	-3.7310526366426657	-4.956251118875141	model_calculus
Selenomonas sputigena	saliva	-5.200153423689782	0.3869785810371325	2.1651621038923082e-40	-4.81317484265265	-5.587132004726914	model_calculus
Selenomonas sp. oral taxon 126	medium	-3.0894804917398715	0.7315353545798582	1.6298254760972646e-4	-2.357945137160013	-3.82101584631973	model_calculus
Selenomonas sp. oral taxon 126	saliva	-4.244966822602369	0.4107703326397962	2.1455163657643193e-24	-3.834196489962573	-4.655737155242165	model_calculus
Selenomonas sp. oral taxon 478	medium	-4.097592532391365	1.1415914443611819	0.0013727163917020267	-2.9560010880301837	-5.239183976752547	model_calculus
Selenomonas sp. oral taxon 478	saliva	-5.568841325211749	0.7717872090208134	1.3805254045696011e-12	-4.797054116190935	-6.340628534232563	model_calculus
Enterobacter cloacae	medium	1.2409738333935962	0.7712767545374515	0.18846764464022575	2.0122505879310477	0.46969707885614476	medium
Enterobacter cloacae	saliva	-2.9034828363288168	0.5216761088498961	5.2226097441798305e-8	-2.3818067274789207	-3.4251589451787128	model_calculus
Cardiobacterium hominis	medium	3.204503345062909	0.7850899762826647	2.5382091183422963e-4	3.9895933213455734	2.419413368780244	medium
Cardiobacterium hominis	saliva	8.191499653463868	0.27406037634728087	1.902625366641371e-194	8.465560029811149	7.917439277116587	saliva
Neisseria animaloris	medium	1.675013477104283	0.5408354533044195	0.00603444394626525	2.2158489304087023	1.1341780237998635	medium
Neisseria animaloris	saliva	4.434226141108136	0.2321194310321318	3.0954212086318736e-80	4.666345572140267	4.202106710076004	saliva
Neisseria sp. oral taxon 014	medium	4.124342282484716	0.9936647251251538	2.1219213366637722e-4	5.11800700760987	3.1306775573595624	medium
Neisseria sp. oral taxon 014	saliva	9.242727283981306	0.21118510133202173	0	9.453912385313329	9.031542182649284	saliva
Neisseria sp. ZJ785	medium	1.7284217256973098	0.5861176791784027	0.008701035303623397	2.3145394048757124	1.1423040465189072	medium
Neisseria sp. ZJ785	saliva	4.837044306851084	0.24740728429111708	5.483226023168798e-84	5.084451591142201	4.589637022559967	saliva
Neisseria lactamica	medium	3.4873712726619512	0.9305763399894544	7.857430490534357e-4	4.417947612651406	2.5567949326724966	medium
Neisseria lactamica	saliva	6.9465034478544	0.2740359404338137	3.2546710218731083e-140	7.220539388288214	6.672467507420586	saliva
Neisseria chenwenguii	medium	1.7001449199323733	0.5620286549864597	0.007115009688461011	2.262173574918833	1.1381162649459136	medium
Neisseria chenwenguii	saliva	5.1250759559324495	0.23078753466262333	6.099261573127897e-108	5.355863490595072	4.8942884212698266	saliva
Neisseria zalophi	medium	1.6830823682292984	0.5476161635165758	0.006365612809420556	2.2306985317458743	1.1354662047127224	medium
Neisseria zalophi	saliva	4.271767019498148	0.2634138778145959	3.286457806184451e-58	4.535180897312744	4.008353141683552	saliva
Neisseria elongata	medium	3.563925843085104	1.0991869476751304	0.004166560762943321	4.663112790760234	2.464738895409974	medium
Neisseria elongata	saliva	7.7576682471932665	0.4480254831354268	3.5299863287989425e-66	8.205693730328694	7.309642764057839	saliva
Desulfovibrio piger	medium	1.9507983330612952	0.7617057902722638	0.02354424840677623	2.712504123333559	1.1890925427890315	medium
Desulfovibrio piger	saliva	-2.2001020421562263	0.5015818805641868	1.8196803055794077e-5	-1.6985201615920396	-2.701683922720413	model_calculus
Leptotrichia wadei	medium	3.8762196248524976	0.903329288278767	1.227447998349457e-4	4.779548913131265	2.9728903365737307	medium
Leptotrichia wadei	saliva	4.178310262913764	0.3730268100243052	2.025035797036333e-28	4.551337072938069	3.805283452889459	saliva
Prevotella melaninogenica	medium	2.2872213338524046	0.5423228717253035	1.6409647050540205e-4	2.829544205577708	1.744898462127101	medium
Prevotella melaninogenica	saliva	-1.9699800360343258	0.43377543041375116	9.145804112462091e-6	-1.5362046056205747	-2.403755466448077	model_calculus
Prevotella copri	medium	2.3149488039764727	0.9410542993275316	0.030762461093162746	3.256003103304004	1.3738945046489413	medium
Prevotella copri	saliva	-1.6809077122079725	0.5413777480212623	0.002627748370186104	-1.1395299641867103	-2.2222854602292346	model_calculus
Tannerella sp. oral taxon HOT-286	medium	2.868178538251762	0.634348353993694	5.027506226557121e-5	3.502526892245456	2.233830184258068	medium
Tannerella sp. oral taxon HOT-286	saliva	2.494435799962119	0.6059332317713163	5.75725287223711e-5	3.100369031733435	1.8885025681908028	saliva
Alistipes onderdonkii	medium	3.28606333398856	0.8829166376397499	8.490334640948001e-4	4.16897997162831	2.40314669634881	medium
Alistipes onderdonkii	saliva	3.3485803313583746	0.41762396871485785	3.122369510649621e-15	3.7662043000732326	2.9309563626435167	saliva
Alistipes finegoldii	medium	3.05549399203709	0.9990460532735367	0.006581919412358864	4.054540045310627	2.0564479387635535	medium
Alistipes finegoldii	saliva	3.1901343212318833	0.3982619174005823	3.3058142869661183e-15	3.5883962386324657	2.791872403831301	saliva
Alistipes communis	medium	2.394139377023911	0.8139568903901278	0.008726894407256937	3.2080962674140387	1.5801824866337835	medium
Alistipes communis	saliva	-0.20470065832212092	0.528794237247571	0.7319462910554879	0.3240935789254501	-0.7334948955696919	model_calculus
Alistipes dispar	medium	2.575991551258905	0.8276976638968859	0.005835505559878083	3.403689215155791	1.7482938873620189	medium
Alistipes dispar	saliva	1.430939006852479	1.298026511180499	0.30980018520301034	2.728965518032978	0.13291249567198005	saliva
Treponema denticola	medium	0.3851937166432182	0.6698154987769785	0.7157008476040896	1.0550092154201969	-0.2846217821337603	medium
Treponema denticola	saliva	2.8250795650150478	0.6095337653874778	5.9881470940944554e-6	3.4346133304025255	2.21554579962757	saliva
Treponema pedis	medium	-0.579363848930615	0.7214614539441925	0.573461628081155	0.1420976050135775	-1.3008253028748076	model_calculus
Treponema pedis	saliva	-1.2709663592365024	0.4111952501849005	0.002743757338353009	-0.8597711090516018	-1.682161609421403	model_calculus
Jonquetella anthropi	medium	0.23484119823162086	0.44764158840277535	0.7485689352380962	0.6824827866343962	-0.21280039017115449	medium
Jonquetella anthropi	saliva	-2.213735086778691	0.46194209316861046	2.932151348402112e-6	-1.7517929936100807	-2.675677179947302	model_calculus
Neisseria sp. KEM232	medium	1.6662359160160447	0.5334860711398289	0.005674666854383727	2.1997219871558737	1.1327498448762157	medium
Neisseria sp. KEM232	saliva	5.602387557482176	0.20604508765293336	4.9887010150646564e-161	5.80843264513511	5.396342469829243	saliva
Neisseria shayeganii	medium	1.1971011277931305	0.25376294001172417	2.167772392748444e-5	1.4508640678048548	0.9433381877814063	medium
Neisseria shayeganii	saliva	3.9264136904987117	0.21458295965216959	9.17639922335527e-74	4.140996650150881	3.711830730846542	saliva
Neisseria dentiae	medium	1.1971011277931307	0.2537629400117241	2.167772392748444e-5	1.4508640678048548	0.9433381877814067	medium
Neisseria dentiae	saliva	4.333959669757812	0.20785024880677022	2.7448912048950318e-95	4.541809918564582	4.126109420951042	saliva
Neisseria animalis	medium	1.6898264963088507	0.5533011029526501	0.006622028418798082	2.2431275992615007	1.1365253933562007	medium
Neisseria animalis	saliva	4.787011022393516	0.24423719569112648	2.183773460870984e-84	5.0312482180846425	4.54277382670239	saliva
Eikenella exigua	medium	1.3437297440906053	0.5225186845556957	0.02298632602199797	1.866248428646301	0.8212110595349096	medium
Eikenella exigua	saliva	4.5306307825866	0.3324960887999076	1.7605635904717673e-41	4.863126871386508	4.198134693786693	saliva
Neptunomonas phycophila	medium	0.19427500681747456	0.5123470324415095	0.8104621457563893	0.706622039258984	-0.3180720256240349	medium
Neptunomonas phycophila	saliva	-2.2543012781928375	0.5248875950380792	2.687340473304988e-5	-1.7294136831547582	-2.779188873230917	model_calculus
Campylobacter showae	medium	-3.07802616812717	1.1408110270269889	0.016928958371201012	-1.937215141100181	-4.218837195154158	model_calculus
Campylobacter showae	saliva	-0.030930277843753018	1.0496887015377787	0.9764928208332555	1.0187584236940257	-1.0806189793815317	model_calculus
Bifidobacterium dentium	medium	-0.5212975057792013	0.8091250378772269	0.6651397320033171	0.2878275320980256	-1.3304225436564283	model_calculus
Bifidobacterium dentium	saliva	-4.8396054893104665	0.49364090971288677	4.236597605335967e-22	-4.34596457959758	-5.333246399023353	model_calculus
Gardnerella vaginalis	medium	-2.589840813370797	0.6934971873908709	8.174866327367221e-4	-1.8963436259799262	-3.2833380007616677	model_calculus
Gardnerella vaginalis	saliva	-6.810131475980341	0.3147483722929069	1.5843585017065019e-102	-6.495383103687434	-7.124879848273247	model_calculus
Paenibacillus durus	medium	-1.636635138085993	0.6879027567782809	0.037017259145988704	-0.948732381307712	-2.3245378948642736	model_calculus
Paenibacillus durus	saliva	-4.8440944109270845	0.5513035102467053	4.9773164260514586e-18	-4.292790900680379	-5.39539792117379	model_calculus
Kroppenstedtia eburnea	medium	0.1839300802353121	0.5081792051565952	0.8169977897417924	0.6921092853919073	-0.3242491249212831	medium
Kroppenstedtia eburnea	saliva	-2.2646462047749996	0.5208201324131262	2.1470445156694478e-5	-1.7438260723618733	-2.785466337188126	model_calculus
Capnocytophaga sp. FDAARGOS_737	medium	1.1971011277931298	0.2537629400117241	2.167772392748444e-5	1.4508640678048539	0.9433381877814058	medium
Capnocytophaga sp. FDAARGOS_737	saliva	5.748816117203695	0.23791810045362624	1.7442617561556244e-127	5.986734217657322	5.510898016750069	saliva
Prevotella jejuni	medium	1.8538365517092936	0.41878847008340503	7.167384897812955e-5	2.272625021792699	1.4350480816258886	medium
Prevotella jejuni	saliva	-2.143427803164009	0.3087812272542721	9.413073513398823e-12	-1.834646575909737	-2.452209030418281	model_calculus
Treponema socranskii	medium	-3.9574771191488236	0.7668664420296029	6.665888076315573e-6	-3.1906106771192206	-4.724343561178427	model_calculus
Treponema socranskii	saliva	1.0827959195554948	0.7757567306516793	0.1968983949267046	1.858552650207174	0.30703918890381554	saliva
Treponema sp. RCC2812	medium	0.12013848210447531	0.8344521872307291	0.9249368083041982	0.9545906693352044	-0.7143137051262538	medium
Treponema sp. RCC2812	saliva	-3.675561640980094	0.6110832713105989	3.8650504754484206e-9	-3.0644783696694953	-4.286644912290693	model_calculus
Fretibacterium fastidiosum	medium	-0.19290462312354117	0.9706941839712182	0.899207574965529	0.777789560847677	-1.1635988070947594	model_calculus
Fretibacterium fastidiosum	saliva	1.6690098878206516	0.5312413860253735	0.002327641798551782	2.200251273846025	1.137768501795278	saliva
Actinomyces sp. oral taxon 171	medium	-2.0891054298851306	0.7770254017873803	0.017299532290895175	-1.3120800280977503	-2.866130831672511	model_calculus
Actinomyces sp. oral taxon 171	saliva	0.8172573832596011	0.40761784018220054	0.05862409403327352	1.2248752234418017	0.4096395430774005	saliva
Neisseria bacilliformis	medium	2.138999051501882	0.615638171089095	0.0019375791856378135	2.754637222590977	1.523360880412787	medium
Neisseria bacilliformis	saliva	5.390736968029619	0.2060975643214498	4.208760532958352e-149	5.596834532351068	5.184639403708169	saliva
Eikenella corrodens	medium	1.9763052759872863	0.8187575332854105	0.03430423026359132	2.7950628092726966	1.1575477427018759	medium
Eikenella corrodens	saliva	2.8294220777141854	0.6555935846859513	2.468591033668564e-5	3.4850156624001367	2.173828493028234	saliva
Kingella denitrificans	medium	2.7070942373553404	0.7569505346040623	0.0014262979148493395	3.4640447719594025	1.9501437027512782	medium
Kingella denitrificans	saliva	7.3595291248870085	0.48314067662405824	1.6072064381044634e-51	7.842669801511066	6.876388448262951	saliva
Capnocytophaga ochracea	medium	-0.8470778426452941	0.7040950417233195	0.34293489606947963	-0.14298280092197457	-1.5511728843686137	model_calculus
Capnocytophaga ochracea	saliva	2.462305184777541	0.6047915094682357	6.94281838530424e-5	3.0670966942457767	1.8575136753093053	saliva
Neisseria sicca	medium	0.9821545375821806	0.8126653919516805	0.3426819654626436	1.7948199295338612	0.1694891456305001	medium
Neisseria sicca	saliva	4.222513261169411	0.29336448326330267	3.780649578317498e-46	4.515877744432713	3.929148777906108	saliva
Neisseria brasiliensis	medium	1.7308549357632623	0.5882016012578862	0.008726894407256937	2.3190565370211487	1.142653334505376	medium
Neisseria brasiliensis	saliva	4.825334002168327	0.2417076722393938	1.7505749675038504e-87	5.0670416744077205	4.583626329928933	saliva
Neisseria wadsworthii	medium	1.1971011277931316	0.25376294001172417	2.167772392748444e-5	1.4508640678048557	0.9433381877814074	medium
Neisseria wadsworthii	saliva	3.823932137426512	0.2590911431706627	1.8219492956694215e-48	4.083023280597175	3.5648409942558494	saliva
Neisseria subflava	medium	1.9282563647066362	1.4386148765860929	0.2843300825894487	3.366871241292729	0.4896414881205433	medium
Neisseria subflava	saliva	5.0300674717458795	0.6799780445465545	3.7034665298220786e-13	5.710045516292434	4.350089427199325	saliva
Neisseria canis	medium	1.1971011277931303	0.25376294001172417	2.167772392748444e-5	1.4508640678048543	0.9433381877814061	medium
Neisseria canis	saliva	3.9189698268433695	0.21097921832120156	5.798442726070183e-76	4.129949045164571	3.707990608522168	saliva
Neisseria mucosa	medium	3.797081779236106	1.399889366418248	0.0163276142046995	5.196971145654354	2.3971924128178577	medium
Neisseria mucosa	saliva	7.762731326027539	0.607898692444311	1.3512517847969066e-36	8.37063001847185	7.1548326335832275	saliva
Neisseria flavescens	medium	3.9098957435722244	1.3294888295030551	0.008726894407256937	5.239384573075279	2.5804069140691692	medium
Neisseria flavescens	saliva	6.925473662199349	0.7374680316456785	2.1592160278285327e-20	7.662941693845028	6.18800563055367	saliva
Aggregatibacter segnis	medium	0.0019167912305224633	0.9294864145909363	0.9983545998939691	0.9314032058214587	-0.9275696233604138	medium
Aggregatibacter segnis	saliva	1.298015089059088	0.6312153057773604	0.05220426319753618	1.9292303948364484	0.6667997832817276	saliva
Actinomyces sp. oral taxon 897	medium	0.5416904901355186	0.5115235269777353	0.42125278145316064	1.053214017113254	0.030166963157783333	medium
Actinomyces sp. oral taxon 897	saliva	2.723103694752632	0.5003841414276993	1.024453680554616e-7	3.223487836180331	2.2227195533249327	saliva
Arcanobacterium haemolyticum	medium	0.19346803685134972	0.5387477146402496	0.8169977897417924	0.7322157514915993	-0.3452796777888999	medium
Arcanobacterium haemolyticum	saliva	-0.7234016314474335	1.1846673151619254	0.5864211234921798	0.46126568371449184	-1.908068946609359	model_calculus
Eubacterium limosum	medium	0.5053145539056807	1.0493327459651125	0.7674817809193832	1.5546472998707932	-0.5440181920594318	medium
Eubacterium limosum	saliva	-4.814502743196892	0.5723375096704898	1.2556127239878356e-16	-4.242165233526402	-5.3868402528673816	model_calculus
Veillonella parvula	medium	-0.4849742544763054	0.44286935848587833	0.40448154147253546	-0.04210489599042705	-0.9278436129621837	model_calculus
Veillonella parvula	saliva	-6.075840318939574	0.26028669319924813	4.408081288199323e-119	-5.815553625740326	-6.336127012138822	model_calculus
Veillonella atypica	medium	2.024440372140183	0.6596456437497789	0.006407288599696448	2.684086015889962	1.364794728390404	medium
Veillonella atypica	saliva	-3.9154329671196204	0.384835161629354	1.095095384780065e-23	-3.5305978054902662	-4.300268128748974	model_calculus
Capnocytophaga sp. oral taxon 323	medium	0.13524044026470605	0.5099921050223946	0.8719783466655351	0.6452325452871006	-0.3747516647576885	medium
Capnocytophaga sp. oral taxon 323	saliva	4.156832193042442	0.4896165488109641	6.554233510679695e-17	4.646448741853407	3.667215644231478	saliva
Capnocytophaga sp. oral taxon 902	medium	0.15404788828467741	0.5031768616786162	0.8460051604322901	0.6572247499632936	-0.3491289733939388	medium
Capnocytophaga sp. oral taxon 902	saliva	4.273856320308311	0.4838174331916489	3.3031677563972924e-18	4.75767375349996	3.790038887116662	saliva
Capnocytophaga haemolytica	medium	0.5469839167179281	0.3956129641461082	0.26929652530344955	0.9425968808640364	0.15137095257181993	medium
Capnocytophaga haemolytica	saliva	3.958972546422892	0.3729533048584627	1.1429237068957788e-25	4.331925851281355	3.586019241564429	saliva
Alistipes megaguti	medium	2.729819852200927	1.0179358974148076	0.017538834567106937	3.7477557496157345	1.7118839547861195	medium
Alistipes megaguti	saliva	2.747695322286061	0.45481327418894824	3.320337654153116e-9	3.2025085964750093	2.292882048097113	saliva
Duncaniella dubosii	medium	3.385478431707792	0.9523184870692618	0.0015119996252707223	4.3377969187770535	2.4331599446385304	medium
Duncaniella dubosii	saliva	3.171284773194185	0.417598925552624	8.590947487770202e-14	3.588883698746809	2.7536858476415613	saliva
Streptococcus australis	medium	3.382107122111923	0.547155353246437	3.730832261777163e-8	3.9292624753583603	2.834951768865486	medium
Streptococcus australis	saliva	4.285275661102651	0.32434541172236214	4.3126458689940846e-39	4.609621072825013	3.960930249380289	saliva
Dysosmobacter welbionis	medium	-0.0677564254874381	0.8441463204698824	0.955017354706351	0.7763898949824443	-0.9119027459573205	model_calculus
Dysosmobacter welbionis	saliva	-4.263859639484308	0.6055684815980679	4.728388511369547e-12	-3.6582911578862403	-4.869428121082376	model_calculus
Selenomonas sp. oral taxon 136	medium	-3.592317659548733	1.0678556652769815	0.0027872665623950707	-2.5244619942717517	-4.660173324825714	model_calculus
Selenomonas sp. oral taxon 136	saliva	-5.717207798079095	0.7767136120159693	4.803400316700103e-13	-4.940494186063126	-6.493921410095065	model_calculus
Haemophilus pittmaniae	medium	4.027104388761698	1.457528585494407	0.014610151830230579	5.484632974256105	2.5695758032672913	medium
Haemophilus pittmaniae	saliva	0.9354184393605003	0.742089858736926	0.24673554502540135	1.6775082980974263	0.19332858062357428	saliva
Campylobacter gracilis	medium	-3.8160179938959735	0.8006290196584468	2.167772392748444e-5	-3.015388974237527	-4.61664701355442	model_calculus
Campylobacter gracilis	saliva	-1.1784371917149952	0.6409935267790027	0.08447426075171575	-0.5374436649359925	-1.8194307184939977	model_calculus
Treponema ruminis	medium	-2.6222248832263846	0.48790017727096663	2.7030355885381087e-6	-2.134324705955418	-3.110125060497351	model_calculus
Treponema ruminis	saliva	-5.070801168236695	0.5010529799874243	1.8818830497576143e-23	-4.569748188249271	-5.571854148224119	model_calculus
[Haemophilus] ducreyi	medium	-2.5877991467524253	0.7375448271037344	0.001761402164284384	-1.850254319648691	-3.3253439738561594	model_calculus
[Haemophilus] ducreyi	saliva	-6.973280103844625	0.3754004829404409	5.798442726070183e-76	-6.597879620904184	-7.348680586785067	model_calculus
Actinomyces sp. HMT897	medium	-0.49792121285308566	0.5938749000251268	0.5481792785182529	0.09595368717204111	-1.0917961128782125	model_calculus
Actinomyces sp. HMT897	saliva	2.100322931750971	0.597799935101231	6.278880916372932e-4	2.6981228668522017	1.50252299664974	saliva
Streptococcus troglodytae	medium	1.087439912216408	1.116122586837802	0.472061847533214	2.20356249905421	-0.028682674621393955	medium
Streptococcus troglodytae	saliva	2.458280474230327	0.7579275841389204	0.0016628809062458293	3.216208058369247	1.7003528900914064	saliva
Streptococcus pneumoniae	medium	2.5132537385816023	0.6342209664631935	3.8354539886002644e-4	3.1474747050447958	1.8790327721184088	medium
Streptococcus pneumoniae	saliva	2.7217405143974798	0.3497814990891018	2.0549414113508886e-14	3.0715220134865815	2.371959015308378	saliva
Streptococcus constellatus	medium	-1.2915938763680823	0.4695891639255987	0.015069827081661734	-0.8220047124424836	-1.761183040293681	model_calculus
Streptococcus constellatus	saliva	-3.5640966750450285	0.48253062994590384	3.996824854877838e-13	-3.0815660450991245	-4.046627304990932	model_calculus
Veillonella dispar	medium	0.40394344430806306	0.5839445574001518	0.6306274179210026	0.9878880017082149	-0.18000111309208877	medium
Veillonella dispar	saliva	-3.6132838931670714	0.4016215549457368	7.946440027242793e-19	-3.2116623382213345	-4.014905448112808	model_calculus
Ndongobacter massiliensis	medium	-2.4685515381513237	0.6709756872268826	9.810177628389164e-4	-1.797575850924441	-3.139527225378206	model_calculus
Ndongobacter massiliensis	saliva	-6.73968612621541	0.2647598005548402	2.378443934340638e-141	-6.4749263256605705	-7.00444592677025	model_calculus
Treponema phagedenis	medium	-1.7642692032694072	0.7289893734479819	0.03391832643285272	-1.0352798298214254	-2.493258576717389	model_calculus
Treponema phagedenis	saliva	-7.284042360069429	0.32034245185672183	4.1217463653648587e-113	-6.963699908212707	-7.604384811926151	model_calculus
Campylobacter rectus	medium	-2.4103986365216223	0.9591339948049075	0.026831763252010393	-1.451264641716715	-3.3695326313265297	model_calculus
Campylobacter rectus	saliva	1.4510618009628211	0.9589056290777361	0.1591537875362436	2.4099674300405574	0.492156171885085	saliva
Capnocytophaga gingivalis	medium	2.2350138121037926	0.74096745100126	0.007262599936802408	2.9759812631050524	1.4940463611025325	medium
Capnocytophaga gingivalis	saliva	7.062530607140144	0.3784922439602732	1.2797122611667815e-76	7.441022851100417	6.684038363179871	saliva
Muribaculum gordoncarteri	medium	2.0455404465151683	1.0316911155464623	0.09067873625926993	3.0772315620616304	1.013849330968706	medium
Muribaculum gordoncarteri	saliva	0.9444594648128319	0.5213657861540029	0.08871147570090872	1.4658252509668348	0.4230936786588291	saliva
Treponema sp. Marseille-Q4132	medium	-2.9550977123445548	0.800914288217165	9.523425364453591e-4	-2.15418342412739	-3.7560120005617197	model_calculus
Treponema sp. Marseille-Q4132	saliva	0.7832554329441321	0.7292051139336017	0.3221174741717735	1.5124605468777337	0.05405031901053048	saliva
Campylobacter curvus	medium	-1.7900682176342397	0.5984729129274438	0.007714652242801389	-1.191595304706796	-2.3885411305616833	model_calculus
Campylobacter curvus	saliva	-4.23864450264455	0.6092432463976085	8.482998426473586e-12	-3.6294012562469415	-4.847887749042158	model_calculus
Neisseria polysaccharea	medium	1.815102793158387	0.6612756196415812	0.015113144330976101	2.476378412799968	1.1538271735168057	medium
Neisseria polysaccharea	saliva	5.753932279867282	0.25230554407020994	9.508009108964947e-114	6.006237823937492	5.501626735797072	saliva
Aggregatibacter sp. 2125159857	medium	2.3332602094333765	0.7427395935358075	0.005479736014652843	3.075999802969184	1.590520615897569	medium
Aggregatibacter sp. 2125159857	saliva	4.764752994084215	0.29658684131942714	3.574281360006914e-57	5.061339835403642	4.468166152764788	saliva
Haemophilus parahaemolyticus	medium	-0.32454889903645934	0.8181499643877375	0.80344149736179	0.4936010653512781	-1.1426988634241968	model_calculus
Haemophilus parahaemolyticus	saliva	1.5373620676896675	0.7214890114886422	0.043642865203844056	2.2588510791783096	0.8158730562010253	saliva
Streptococcus sp. oral taxon 064	medium	6.61578104015714	1.1261213726647878	1.8623269609347756e-7	7.741902412821927	5.489659667492353	medium
Streptococcus sp. oral taxon 064	saliva	6.860630152004393	0.6055678462793603	4.938775949244631e-29	7.466197998283753	6.2550623057250325	saliva
Capnocytophaga sp. oral taxon 864	medium	1.4540063727402692	0.9371772052010169	0.2063951237592043	2.391183577941286	0.5168291675392523	medium
Capnocytophaga sp. oral taxon 864	saliva	3.1457104645657683	0.5435266480524807	1.4612624028452287e-8	3.6892371126182493	2.6021838165132873	saliva
Capnocytophaga leadbetteri	medium	0.8581774043386128	0.3634400225529883	0.0386199537061156	1.2216174268916011	0.4947373817856245	medium
Capnocytophaga leadbetteri	saliva	5.300993896036643	0.3486452249013742	2.419177036215901e-51	5.6496391209380175	4.952348671135269	saliva
Leptotrichia buccalis	medium	0.5373027687981483	0.4178053281923392	0.30790037033234097	0.9551080969904875	0.11949744060580914	medium
Leptotrichia buccalis	saliva	1.1276959595157106	1.2528597141036204	0.40614437471819903	2.380555673619331	-0.12516375458790985	saliva
Fusobacterium sp. oral taxon 203	medium	4.168477190025271	0.8200091111863017	9.318840920931753e-6	4.988486301211573	3.3484680788389696	medium
Fusobacterium sp. oral taxon 203	saliva	-2.6436413346287733	0.6125830742834669	2.468591033668564e-5	-2.0310582603453065	-3.25622440891224	model_calculus
Treponema sp. OMZ 838	medium	-0.14643632811623508	0.9883471819074069	0.9249368083041982	0.8419108537911718	-1.134783510023642	model_calculus
Treponema sp. OMZ 838	saliva	0.1290811651078858	0.5681609044531664	0.8369183220988499	0.6972420695610522	-0.43907973934528055	saliva
Gemella sp. oral taxon 928	medium	0.15956737494461093	0.21356715291816172	0.6043389829682948	0.3731345278627727	-0.053999777973550794	medium
Gemella sp. oral taxon 928	saliva	-2.667317974244454	0.32084759347064407	2.8232371282925086e-16	-2.34647038077381	-2.9881655677150984	model_calculus
Fusobacterium periodonticum	medium	4.601767144614313	0.9923579213492694	3.079375953399186e-5	5.594125065963582	3.6094092232650437	medium
Fusobacterium periodonticum	saliva	2.2042653657055693	1.384937045144883	0.13865401989723633	3.5892024108504526	0.8193283205606863	saliva
Streptococcus phage SpSL1	medium	1.1971011277931314	0.2537629400117241	2.167772392748444e-5	1.4508640678048554	0.9433381877814073	medium
Streptococcus phage SpSL1	saliva	4.884617785155001	0.29306480280729336	2.043031479018552e-61	5.177682587962295	4.591552982347707	saliva
Streptococcus infantis	medium	3.1458522510614078	0.7664679991616917	2.4037066580428576e-4	3.9123202502230994	2.379384251899716	medium
Streptococcus infantis	saliva	3.855270091075883	0.3409908146355274	6.337845926707367e-29	4.19626090571141	3.514279276440355	saliva
Prevotella scopos	medium	1.7847929080595768	0.4348396441393809	2.4037066580428576e-4	2.2196325521989575	1.3499532639201959	medium
Prevotella scopos	saliva	-2.487699876987925	0.3077503857585092	1.877370241073576e-15	-2.179949491229416	-2.795450262746434	model_calculus
Lactobacillus gasseri	medium	0.18870461435677588	1.088028656805471	0.9115085538187454	1.2767332711622468	-0.899324042448695	medium
Lactobacillus gasseri	saliva	-3.303447821404334	0.9059359029206587	3.789210764587379e-4	-2.3975119184836755	-4.209383724324993	model_calculus
Mycoplasma orale	medium	1.197101127793131	0.25376294001172417	2.167772392748444e-5	1.4508640678048552	0.9433381877814068	medium
Mycoplasma orale	saliva	4.239576673222537	0.28278363168989884	5.804445628196596e-50	4.522360304912436	3.956793041532638	saliva
