species	PC1	PC2	PC3
Corynebacterium matruchotii	0.11293145485112319	0.02233760954529977	-0.04062790938557215
Rothia aeria	0.11011824382317184	0.014959846045664265	0.0022021558555247287
Neisseria elongata	0.10884977587254702	0.019681652766607608	-0.014287086597288138
Rothia dentocariosa	0.10671542792639485	0.024033912137422023	-0.0025847272212121343
Capnocytophaga gingivalis	0.1046435740412154	0.03896441607127968	-0.02624974283413554
Capnocytophaga sputigena	0.10225470229435878	0.04280939404376198	-0.027079094192666856
Capnocytophaga leadbetteri	0.10221366353853856	0.024065623144232384	-0.014132582113662345
Lautropia mirabilis	0.10206177515632187	0.018043681349936756	-0.04294752659442812
Capnocytophaga sp. FDAARGOS_737	0.10178896264259402	0.025290342959967915	-0.017145992593104623
Neisseria mucosa	0.10091460372746128	0.01995051710065099	0.008437112130457551
Neisseria sicca	0.09971584989310367	-0.0024538711863316878	0.04389497677154799
Eikenella corrodens	0.09825164507949817	0.020923009502959913	4.469228820299081e-4
Cardiobacterium hominis	0.09729395086430516	0.01800267530666018	-0.03406287018584966
Neisseria sp. oral taxon 014	0.09524844030625372	5.464253360212412e-4	0.001562744730011327
Aggregatibacter aphrophilus	0.09423246387645444	0.031109803345896598	-0.003100427961580184
Aggregatibacter sp. 2125159857	0.09350976811794946	0.020569590085693628	0.0023828139353537095
Actinomyces oris	0.09292437581334147	0.03521213878034923	0.008332828159632969
Kingella oralis	0.09208354968808535	0.014584219180440386	-0.016569250287680984
Actinomyces naeslundii	0.09172303136448011	0.02522715956676742	-0.0035503324861922802
Actinomyces sp. oral taxon 171	0.09125585651044464	0.030501998186652248	0.004613355966616104
Actinomyces viscosus	0.09060054201521045	0.0139336301331185	-0.003088952492855106
Capnocytophaga sp. oral taxon 902	0.08992291102849133	0.01711184310535365	-0.00870681321826933
Neisseria meningitidis	0.08931671667821003	0.006899539002216762	0.004855381146745257
Aggregatibacter segnis	0.08759857577220637	0.025547140478343236	0.0024367275906124917
Kingella denitrificans	0.08713431672390681	8.193229220482998e-4	-0.009386937995535746
Capnocytophaga sp. oral taxon 323	0.08655272457246906	0.01502708689791996	-0.00888328738257142
Pseudopropionibacterium propionicum	0.08616455261311357	0.0289751844328149	-0.04250883349554812
Eikenella exigua	0.08512614593175288	0.012780644767485737	-0.02432366132230655
Neisseria lactamica	0.08497482786078052	0.0015366572991060764	0.007973183981444124
Campylobacter showae	0.08481513363341185	0.04832159448315217	-0.02306836791510703
Neisseria subflava	0.08372424487680073	0.020858187497835214	0.0340580823734881
Actinomyces sp. oral taxon 414	0.08308555016883509	0.02721913525025986	-0.05660706816486252
Capnocytophaga sp. oral taxon 864	0.08243971816041257	0.02647891885907579	-0.004868196127670706
Neisseria bacilliformis	0.08193411364452416	0.0026176858401770033	-0.01513145862836397
Haemophilus haemolyticus	0.08019549737787114	0.03057191435340718	0.03474304435566572
Campylobacter rectus	0.07995785164226607	0.03823951615009126	-0.018797398815705014
Leptotrichia sp. oral taxon 212	0.07925493113082159	0.04746251204995583	0.01941278653682045
Leptotrichia hongkongensis	0.07908090679513788	0.01766070005657668	-0.004247676987427598
Capnocytophaga ochracea	0.07901141144565516	0.02519519605326824	-0.009546560611861505
Campylobacter gracilis	0.07891076024857517	0.040498566482918774	-0.014319354348364533
Leptotrichia hofstadii	0.07850689998699643	0.01508139239108259	-0.00743535640652986
Haemophilus sp. oral taxon 036	0.07838281586309678	0.010660008176081157	0.039788375794019365
Neisseria sp. KEM232	0.07755707726571312	-0.002027457076115299	-0.016134611747481466
Leptotrichia buccalis	0.07656146115998735	0.019235797606659423	-0.010228427944663278
Actinomyces sp. HMT897	0.07649033068072236	0.0020379290408719447	-0.052920810892525996
Candidatus Nanosynbacter lyticus	0.07432612263051966	0.03331968760568858	-0.012706170973650635
Actinomyces sp. oral taxon 897	0.07411291607433046	-0.00290661179106175	-0.057026691458088016
Streptococcus sp. oral taxon 064	0.07392396256367899	-0.042147264062458424	0.10272976002082315
Neisseria flavescens	0.07289076071037967	-0.016164724797794083	0.062183494001512477
Fusobacterium hwasookii	0.07202285623487467	-0.0017202158273986721	0.04915665499901428
Streptococcus sanguinis	0.07150491535361761	0.013737351092657262	0.07140264927247629
Neisseria polysaccharea	0.07149206252224719	-9.84014150846993e-4	0.007656308233102212
Haemophilus influenzae	0.07119416450807874	0.04085144778575585	0.023870827082863033
Ottowia sp. oral taxon 894	0.07068292040548536	-0.003490882143284233	-0.07150416966541044
Leptotrichia wadei	0.06973188318807157	0.017006370777918965	0.025802719979128426
Actinomyces sp. ZJ750	0.06964329439651255	0.0044054573733381	-0.04423932663696141
Actinomyces slackii	0.06848742131739075	0.004491372240359223	-0.0376923507465975
Campylobacter concisus	0.06819448783917917	0.06173719889745061	0.008186430535061181
Actinomyces howellii	0.06779843924768264	-0.0010324111738471047	-0.040163740742934786
Dysosmobacter welbionis	-0.06735653785711487	0.07788954724165144	-0.03842871749916819
Fusobacterium sp. oral taxon 203	0.06561729918904928	0.0191924936465974	0.02844860661278416
Haemophilus parainfluenzae	0.06560712233728692	0.06200742575549918	0.045598214179399105
Actinomyces sp. ZJ34	0.06542404396221703	2.7720343737619328e-6	-0.039445556745278464
Aggregatibacter actinomycetemcomitans	0.0653346613090219	0.012610071997721479	-0.005372312378479892
Pauljensenia hongkongensis	0.06343729120261415	0.023898994568367932	0.0020083969764791375
Actinomyces procaprae	0.0628053508044337	-0.006742783871866975	-0.04069661631736265
Actinomyces radicidentis	0.06218763923852099	0.0034164403534584194	-0.041409399155010955
Neisseria chenwenguii	0.061220172409859545	-0.0025294619901576995	-0.014406675091799683
Abiotrophia defectiva	0.060606855175893815	0.0058232572830401435	0.07651837953101391
Streptococcus gordonii	0.060211462751149844	0.009678387233033811	0.08506572747087063
Actinomyces marmotae	0.06014282015361783	-0.007010890735928098	-0.0358505481131037
Actinomyces wuliandei	0.059966014643713664	-0.002783273013984329	-0.03671763659924287
Treponema sp. Marseille-Q4132	0.059773825923216534	0.05023562296229864	-0.038080363358934305
Fusobacterium nucleatum	0.059552460514440644	0.038847662661024004	0.057898932757952465
Streptococcus oralis	0.0594240597986795	-0.002069945706962622	0.12129134461938335
Treponema denticola	0.059247070705025905	0.05995358836891118	-0.015099641017381387
Leptotrichia shahii	0.05882817533654848	0.016620003945692578	-0.0028275307340560364
Actinomyces sp. Chiba101	0.05881240664154937	0.005196592188329648	-0.028169403306555714
Faecalibacillus intestinalis	-0.058808086960327806	0.05716660457070332	-0.014072498970474839
Actinomyces weissii	0.058021931882003754	3.084059016603775e-5	-0.03375038944972569
Neisseria brasiliensis	0.05792648426546037	-0.005921024846675463	0.0029580974115388427
Streptococcus mitis	0.05789272804420271	0.0070130474106488375	0.12196938551701499
Actinomyces sp. Z16	0.05740231589813681	0.006314514040118729	-0.0435771259762142
Treponema socranskii	0.057238626009713474	0.06508981817089217	-0.04304259823468973
Neisseria sp. ZJ785	0.05718700413465456	-0.004087872660201209	0.0019835368857140955
Actinomyces sp. zg-993	0.056927789614341896	0.0044254872714108075	-0.02701832442825792
Gemella morbillorum	0.056766256746871406	0.025828716278087114	0.06624980456156501
Haemophilus parahaemolyticus	0.056525337064355	0.013286165042801487	0.049218512257829604
Neisseria sp. 10022	0.05614359413759117	-0.00839371236682357	0.004129629900018908
Actinomyces gaoshouyii	0.05587854509564007	-0.004200883435714765	-0.03830184761172434
Neisseria dentiae	0.05579922694057595	-0.004314548612809556	-0.020916075730873434
Actinomyces lilanjuaniae	0.05578228341213979	-0.004746488010349771	-0.03849236980822272
Pseudobutyrivibrio xylanivorans	-0.05534746605141913	0.07280321752808122	0.01336730276780491
Eggerthella lenta	-0.05491452118501949	0.04889893711150752	-0.0014338468670562238
Akkermansia muciniphila	-0.05461647140912511	0.07111708066433119	-0.031136323074724238
Neisseria animalis	0.05423944143059116	0.005282669705348123	-0.013620903769148698
Eubacterium limosum	-0.05411735350657241	0.058669313254692074	-0.005805736591038013
Tannerella sp. oral taxon HOT-286	0.05394291010229818	0.07839035140418345	-0.01658637501229004
Schaalia meyeri	0.05393913722402152	0.035843623022570735	0.022048169972409007
Lachnoclostridium sp. YL32	-0.05365972147778091	0.07274774289015261	-0.012536427812350344
Streptococcus sp. oral taxon 431	0.05323402413355196	-0.028378704201614726	0.1432212193578505
Streptococcus australis	0.05299891932455605	-0.01049782698283034	0.11791962053991292
Neisseria musculi	0.05262131502639838	0.0016837828989924113	-0.016574114117177123
Bifidobacterium breve	-0.052578213732363405	0.04721568376591139	-0.011574657668415587
Neisseria shayeganii	0.052366257788360016	-0.008416438174553223	-0.024647636861832547
Actinomyces sp. 432	0.05214030956740764	0.007852679459356415	-0.03848223703634589
Actinomyces qiguomingii	0.052008163236385734	0.006870660140036519	-0.04902588719477073
Streptococcus cristatus	0.05195104504499933	0.010208240005736544	0.1035708141767681
Hungatella hathewayi	-0.051899979212332685	0.07170897388468662	-0.0038101750510149347
Treponema sp. RCC2812	-0.05186679230340491	0.0807546328231289	-0.02742071655638697
Fusobacterium periodonticum	0.051686420737755874	-0.013184003569636438	0.09149436636903677
Treponema sp. OMZ 838	0.05138275442809666	0.0558917094212979	-0.0076703792436568635
Enterococcus faecalis	-0.05126687689949071	0.033540706729449844	0.14244125431427343
Haemophilus pittmaniae	0.051071258656761626	0.03840532795161562	0.042833691133125774
Neisseria canis	0.05103972822660443	-0.0053906175920333255	-0.0030713488774721165
Capnocytophaga haemolytica	0.05070473864344135	0.03795584069570012	-0.02256321998527571
Actinomyces israelii	0.050504774743060823	-0.0022152776165598616	-0.03750531867864529
Neisseria zalophi	0.05033121693076049	-0.006155375409504666	-4.81351986431035e-4
Neisseria weaveri	0.05008792672901644	-0.00476948407290086	-0.005971828533728145
Gemella haemolysans	0.04965573752429112	0.018897401965569632	0.08244925669930943
Blautia producta	-0.04954706247257717	0.07933349938303227	-0.02378028920551764
Schaalia cardiffensis	0.04947405200529712	0.016261223446157203	-0.021176038490762425
Neisseria zoodegmatis	0.049432558442789	-5.223728122542966e-4	-0.007031847490224535
Treponema medium	0.04929366621033322	0.057886667806306066	-0.037183863884343533
Butyricimonas faecalis	-0.049197739976410235	0.07173046758306365	-0.030757391297644307
Neisseria wadsworthii	0.04904636400821937	-0.0061260504535605225	-0.005928125677770758
Anaerocolumna cellulosilytica	-0.048903554187814606	0.059469011244340376	-0.00678160735182668
Bacteroides xylanisolvens	-0.04810797020427156	0.10192046842460745	-0.041425399820458474
Streptococcus intermedius	0.047895214724106176	0.0018385430935665983	0.1031549487766654
Enterocloster bolteae	-0.04750854729480689	0.08353831769223671	-0.025025996276334627
Bacteroides sp. HF-162	-0.047461305153450435	0.04494303076586786	-0.01475717074221215
Rothia mucilaginosa	0.04659297064858554	0.048764029905351725	0.04229988632809272
Streptococcus pneumoniae	0.04656937434933012	0.0045281239241678995	0.11327555853152509
Neisseria animaloris	0.045998278446431465	0.0022633440293420696	-0.011016589632972416
Eubacterium maltosivorans	-0.04584940026029118	0.040025091407076836	-0.016166686755293716
Desulfovibrio piger	-0.04581796655976245	0.042616812742956034	-0.04584584070386071
Bacteroides ovatus	-0.045600585026072234	0.09180452143950087	-0.04843515217392268
Cloacibacterium normanense	0.0454631985568227	0.006485867933279683	0.01560200000809272
Bacteroides sp. A1C1	-0.045012120266427424	0.03974741589034441	-0.015001969937894481
Campylobacter coli	-0.044855070614182084	0.03673187465415741	-0.005281604010138374
Clostridium sp. DL-VIII	-0.044673220571480966	0.037132176610813965	0.006179929854351968
Tannerella forsythia	0.044032653119442676	0.08579668976140932	-0.035587859626908386
Enterobacter cloacae	-0.04369060139035933	-0.0032000241081147785	0.020677226187051995
Paenibacillus donghaensis	-0.04320765527659193	0.034128689508280095	0.013721480531016237
Dehalobacterium formicoaceticum	-0.04306962869535305	0.031204464012044582	-0.0019173558027400551
Campylobacter jejuni	-0.04301213782852176	0.032206218325455914	-0.00443363549412586
Leptotrichia sp. oral taxon 847	0.04299952809019064	-0.006913413295365764	0.03790363501342433
Campylobacter curvus	0.04287595711579545	0.0348109624516595	-0.03060688000395249
Bacteroides sp. HF-5287	-0.04276192716302296	0.09346561884619055	-0.03516386287165364
Streptococcus constellatus	0.0426599266299555	-0.011944673300483195	0.10465146474136372
Rodentibacter heylii	0.04208332485714411	0.001307436769442244	0.02890155886375358
Treponema pedis	0.04198185522891944	0.03443904170288908	0.025075761772418142
Acetivibrio clariflavus	-0.0417269970636739	0.04066407246955794	0.006806096499053559
Clostridium sp. JN-9	-0.041294057274359065	0.04257303548638033	0.019567571497890967
Tissierellia sp. JN-28	-0.04115253812531496	0.03568310200780734	-0.0028991763123709918
Alistipes megaguti	-0.04080980468812099	0.08404518848619762	-0.04162239422607681
Anaerococcus prevotii	-0.04070192387840749	0.04142258039180196	0.0454081481826805
Geosporobacter ferrireducens	-0.040606234998537424	0.04226007156994185	0.012092562354713388
Clostridium taeniosporum	-0.04053506696166328	0.02525548344526733	0.005516653771396896
Parabacteroides sp. CT06	-0.04047689031502485	0.028580189023408174	-0.012914190716864742
Simonsiella muelleri	0.040371019065390895	-0.0153021390149848	0.0470939963859304
Faecalibacterium virus Taranis	-0.03989316398629746	0.03462631572854791	0.0013173952914920125
Caloranaerobacter azorensis	-0.03973454458875892	0.03188830979021549	0.022185547158913237
Bifidobacterium longum	-0.039392430308668604	0.05326578619329965	-0.06068208511774455
Clostridium kluyveri	-0.03927633326462697	0.04486219072907255	0.003441234359959884
Thermobacillus composti	-0.039208465185364486	0.020496362200273874	-0.002860619730691284
Clostridium argentinense	-0.03920002536418576	0.03091273873123859	0.0013950166978686164
Gemella sp. oral taxon 928	0.03910043482479167	0.026628859222368892	0.03610764085540913
Enterobacter hormaechei	-0.0389685318046808	-0.025273001090669104	0.044895957959500535
Cryptobacterium curtum	-0.038640733916498034	0.04172521736911666	0.07542733732459644
Alistipes finegoldii	-0.038186198555707894	0.06991044369761101	-0.0462960539238844
Acetivibrio saccincola	-0.03806611612594939	0.027576210356481345	0.0028071801208691158
Kingella kingae	0.038053055993901914	0.002968063777954271	-0.005143236363222236
Pasteurella multocida	0.037987378344485075	0.03273538310083663	0.00511003082817981
Helicobacter pylori	-0.0379481388186156	0.018589485648296336	0.03648611178662502
Clostridium cochlearium	-0.0377827136070886	0.020199347834225858	0.008294287960224677
Paenibacillus durus	-0.037673738506630465	0.03257834565997199	-0.0055707287069256695
Bacteroides cellulosilyticus	-0.03724193249868286	0.08313894654102634	-0.035192349698271314
Alistipes dispar	-0.03685473723131589	0.0627074536891667	-0.034670438629320434
Clostridium aceticum	-0.03668451861975669	0.032999792586553445	0.028626429022641564
Paenibacillus sp. 32O-W	-0.0366669946695108	0.02395992808532672	0.0058365807336338135
Selenomonas sp. oral taxon 920	0.03647338030031042	0.07610691498442912	-0.018721047677997534
Fibrobacter succinogenes	-0.03639579132573984	0.03794004121515803	0.004315313331462637
Porphyromonas gingivalis	0.03635763167311604	0.07977592263215594	-0.020433758296146756
Olsenella sp. oral taxon 807	0.036311601532859596	0.06742392331013201	-0.030824586478986966
Faecalibacterium virus Toutatis	-0.03624241624178187	0.030205906453717412	0.003075636525153195
Brachyspira pilosicoli	-0.035968936164328565	0.030638923724697793	0.0044355218567884575
Treponema succinifaciens	-0.03588502306312054	0.07023178953726805	-0.035145798996458665
Cellulosilyticum sp. WCF-2	-0.035765224140312246	0.026294797955859553	0.003210694922064074
Gemella sanguinis	0.03568482962843541	0.004953779955257719	0.1010303329611473
Gottschalkia acidurici	-0.03558433167163623	0.03277420904561192	0.020024736547099884
Bacteroides sp. CBA7301	-0.03556580549851145	0.0729835012514237	-0.04500780420658738
Methanobrevibacter smithii	-0.035504885987471785	0.03471089417040526	-0.029341392928742303
Bacteroides uniformis	-0.03542407096453982	0.1044796236594708	-0.04408493793021401
Paenibacillus bovis	-0.0354230480885242	0.027816294282700656	0.01356813536060861
Parabacteroides distasonis	-0.03522267874176965	0.09197562237329826	-0.03180131522999165
Desulfovibrio fairfieldensis	-0.03521958797750876	0.033162690072123066	-0.035846498063598874
Treponema putidum	0.03515191588801774	0.028989499985144017	-0.02949852501390396
Bacteroides thetaiotaomicron	-0.03507227864788487	0.09459185245661796	-0.05463179053270048
Treponema ruminis	-0.034890017052835835	0.052105265841659774	0.004982054159348524
Aminipila sp. JN-18	-0.03487124782724793	0.05381180871086358	-0.01569504995134331
Alistipes indistinctus	-0.03479871728017075	0.08603334755293583	-0.03566606319805781
Clostridium tyrobutyricum	-0.03427148931160356	0.030105676025228373	0.010233536042921475
Selenomonas sp. oral taxon 126	0.0341688934598183	0.07766069213879762	-0.022611384576983962
Odoribacter splanchnicus	-0.034147234160012425	0.09219123698258144	-0.04670587323442616
Prevotella sp. oral taxon 299	0.034143013767415506	0.08049494134464724	0.04117960761152018
Bacteroides intestinalis	-0.03411726815716667	0.08116071829330412	-0.04310047774051179
Paenibacillus stellifer	-0.03407311248429755	0.022083194886192523	0.003363823612943837
Crassaminicella sp. SY095	-0.034048061809095774	0.04769504044583084	0.01516720166332124
Desulfosporosinus youngiae	-0.0340304150008566	0.029248281355324545	0.015915573490401774
Lactobacillus acidophilus	-0.03394389269708381	0.004290752741401969	0.04795745034467969
Alistipes onderdonkii	-0.03391772637980354	0.07124386445663264	-0.05879809578380331
Prevotella oris	0.03378520731905062	0.10631048798951788	0.03189860621931364
Paenibacillus lycopersici	-0.03364855427713422	0.022301511178994322	0.008598700851413564
Clostridium sp. AWRP	-0.0335886956876341	0.025157940305628426	0.028014522541530234
Bacillus glycinifermentans	-0.033322869082773314	0.022705646264910753	0.005695480141045506
Bacillus infantis	-0.03325974665654931	0.02180373510203066	0.01153561723462759
Treponema parvum	0.033146946605770514	0.05615048254150269	-0.05264286989052973
Cutibacterium acnes	0.03311715728223161	0.025991854413680744	0.01974734108506841
Cohnella candidum	-0.03308582952186725	0.02276563421208042	-0.0030036052191646932
Enterococcus durans	-0.032943281600491994	-0.008633390886437498	0.13151802786484454
Prevotella intermedia	0.03277076253184386	0.10685576873107039	-7.3896905740984e-5
Paenibacillus sp. TB2019	-0.03263330767678357	0.023612624149787563	0.006069527689693606
Dehalobacter restrictus	-0.03260290048343809	0.021003405807983863	0.0026385452416150352
Paenibacillus sp. FSL R7-0331	-0.032589012639973935	0.021520792231548964	0.00767324311273598
Cohnella sp. LGH	-0.03252326732694177	0.01907555941155961	-0.005605744808359426
Sinorhizobium fredii	-0.032491222297256234	0.014093342660371554	-0.01370402715047659
Paenibacillus ihbetae	-0.03241850257620208	0.01871192342274966	0.004456493740439196
Parvimonas micra	0.03231755907912072	0.05574167492797672	0.04246860382988621
Corynebacterium argentoratense	0.03227490162766384	-0.0033755481033315073	0.0042409715948428465
Phocaeicola vulgatus	-0.03222187638886941	0.10149567015858688	-0.04804143263478861
Bacteroides helcogenes	-0.03220897524512992	0.08021800759247448	-0.04125324155580362
Moorella glycerini	-0.03204432729707227	0.021208404110406948	0.008196864689579496
Bacteroides eggerthii	-0.0320286886499074	0.08958392294270397	-0.05031008239454444
Fretibacterium fastidiosum	0.03174988488608878	0.06638562852050828	-0.0707972953803875
Propionibacterium acidifaciens	0.03171999735694674	0.009264102481891813	-0.04792445856983671
Sporosarcina sp. Te-1	-0.031664966945002114	0.018703816386189367	0.021879318645718713
Streptococcus anginosus	0.03146010870206507	-0.004627168579024666	0.11668687129354617
Bifidobacterium dentium	-0.03144950812156367	0.026864100547262664	0.0017454041655360567
Alistipes shahii	-0.03142691619305643	0.08440582694535234	-0.03816442656037601
Streptococcus mutans	0.03116303484162544	0.003869153161035367	0.0808003328926261
Oxalobacter formigenes	-0.03111920405061907	0.013648580923824812	0.0037391383661661776
Selenomonas ruminantium	-0.031093253511104764	0.06111293971428816	-0.019446385093115214
Flaviflexus salsibiostraticola	0.03105618513890109	-0.014780315572644686	-0.031177880656086777
Clostridium carboxidivorans	-0.030946643460893722	0.02705971741391357	0.009404748450566332
Paenibacillus sp. URB8-2	-0.030227709681310916	0.01817100674347729	0.006274136074426152
Alistipes communis	-0.03014771087761291	0.08441624733959047	-0.03560640507768571
Prevotella melaninogenica	0.03010223825749931	0.10765167048224737	0.05450138275918436
Paenibacillus sp. BIHB4019	-0.030087773270596592	0.017291883635561278	0.010131109885212512
Selenomonas sp. oral taxon 136	0.030029166094884697	0.06658320423956372	0.01790356181954267
Limnochorda pilosa	-0.030024987465307972	0.013331210698926439	-0.02442250704381838
Desulfosporosinus orientis	-0.030012906388543988	0.023255555333330274	0.014418144616376612
Mycoplasma salivarium	0.029957370630344766	0.016074709661188003	0.011688710642628527
Thiothrix sp.	-0.02992639953592725	0.013097178761257362	0.005026064916558293
Lactobacillus jensenii	-0.029802748527250515	-0.004296296797297601	0.07239768145401988
Paenibacillus physcomitrellae	-0.02959129236451182	0.019167943461611457	0.008580599646113593
Desulfosarcina widdelii	-0.02956193756856173	0.011314270123855705	0.007065964748399426
Lactobacillus johnsonii	-0.029475920461320606	-0.0024439721118387973	0.07750726148710448
Candidatus Arthromitus sp. SFB-rat-Yit	-0.029370235413333914	0.015472734695431173	0.01042268523966957
Tepidanaerobacter acetatoxydans	-0.029352591155778932	0.015089680370042635	0.012091798497638896
Bacillus sp. V3	-0.029287434602496432	0.01804581934123689	0.01819891535296262
Alysiella filiformis	0.029255796059566616	0.0044025263721873716	-0.007134721560981703
Bifidobacterium scardovii	-0.02922841173780257	0.023525278178854754	-0.025498603342021094
Paenibacillus guangzhouensis	-0.029197981827874378	0.014377601262174994	0.00807061271061264
Ndongobacter massiliensis	-0.029021050414710543	0.055944999502517766	-0.01909003509057465
Desulfopila sp. IMCC35004	-0.029009390567970854	0.017468164224538958	0.009501350729694288
Desulfovibrio sp. IOR2	-0.0288217024476901	0.017740670164667547	-0.019528459393672863
Geobacter bremensis	-0.02880672419318816	0.010952912559673334	0.004857594587113805
Veillonella parvula	0.028800428124023253	0.03987955696284767	0.13821559937632946
Brevibacillus sp. SCSIO 07484	-0.028796655927715773	0.011672199652032474	0.004202766417728861
Rothia terrae	0.028636406275320953	-0.005781315475174637	-3.044563627546183e-4
Thermaerobacter marianensis	-0.028630224628428808	0.008363587282659759	0.0041786155066362496
Enterococcus casseliflavus	-0.02862640018369163	-0.02252656467390786	0.10106529968756192
Bifidobacterium eulemuris	-0.02857318859613692	0.014384148349200659	0.008230216134226963
Desulfobacterium autotrophicum	-0.028469413822122393	0.015172599363362264	0.007972147341092967
Pelobacter propionicus	-0.028426119310375374	0.014523871884569509	0.003628550888467633
Elusimicrobium minutum	-0.028417602164898935	0.0173562973037571	0.01535731373542779
Actinobaculum sp. 313	0.028395008455507936	-0.008439851279434012	-0.03230133681937123
Desulfovibrio marinus	-0.02828124416107028	0.013818023998060886	-0.022834237227999727
endosymbiont 'TC1' of Trimyema compressum	-0.028280329892459537	0.018740791478742486	0.011138084218384362
Cohnella sp. MFER-1	-0.028243510848479023	0.013011787143039036	0.009641094249102136
Paenibacillus cellulosilyticus	-0.028228351203414298	0.0171593087318049	0.014706280287458878
Prevotella copri	-0.02815989710573583	0.11774649291000233	-0.023623452966656248
Capnocytophaga stomatis	0.028127836201195962	0.02311641101165451	-0.002711888351764055
Georgenia faecalis	0.02809267959600564	-0.026704126046142054	-0.042309050618997895
Corynebacterium striatum	0.028009510510372097	-0.01370194014401489	-0.02965596472681987
Clostridium drakei	-0.027926777514382006	0.013131667838006381	0.012938742510659143
Desulfovibrio gigas	-0.027911326338253356	0.012782674260317397	-0.021988017718970045
Akkermansia glycaniphila	-0.02784661371585893	0.014014014165695768	0.007000942089335009
Propionibacterium australiense	0.02772771339065567	-0.0019499957563482641	-0.05017685765372012
Bradyrhizobium diazoefficiens	-0.027574472235109535	-0.002489859317876065	-0.013089067127064806
Bacteroides coprosuis	-0.02728214041457237	0.060408915517882286	-0.024641787657935035
Sporolactobacillus terrae	-0.027196699019649814	0.017468543792765245	0.014686786844875557
Georgenia sp. Z443	0.027038808010828527	-0.019058215090850178	-0.04338981998074401
Desulfosporosinus acidiphilus	-0.027023141216015574	0.014670824371849757	0.010573728591412158
Parascardovia denticolens	-0.02699252278290311	0.015409681844496457	0.025590707285341244
Fictibacillus arsenicus	-0.026972418397472383	0.011838673997676376	0.014991914831296457
Treponema azotonutricium	-0.026733438007995988	0.034342984517760924	0.0036773757897085716
Porphyromonas asaccharolytica	0.026725236988091462	0.06405174817619513	2.2217951656882286e-5
Caldithrix abyssi	-0.026693490187114928	0.011717442611119362	0.010559990226574964
Histophilus somni	0.02667927517622731	0.022968428125008412	0.01367932975785714
Selenomonas sp. oral taxon 478	0.02657620329959301	0.07032993754369897	0.015340846755569574
Azospirillum thermophilum	-0.026553677829369973	5.568714162817377e-4	0.005852956801810303
Pannonibacter phragmitetus	-0.026506212512712624	0.004957508280037495	-0.011762625725925496
Chlorobium limicola	-0.026442196518687833	0.014866040956422449	0.010172309388376214
Bifidobacterium lemurum	-0.02634997746392444	0.01687422130997627	-0.015388167904945694
Gardnerella vaginalis	-0.026245987480946132	0.03527954206707108	0.03945318957335362
Opitutus sp. GAS368	-0.02619457610673803	-0.0031026192865141627	0.0033156783684863403
Spirochaeta thermophila	-0.02617161423458156	0.013655175403270579	0.004910319922709851
Clostridium sp. 'deep sea'	-0.02608643015254505	0.012768172225616648	0.011368731454273837
Kroppenstedtia eburnea	-0.026070504134736033	0.01663090922065652	0.014666578324896186
Finegoldia magna	-0.02603335590873295	0.04174874287842568	0.05036725208382315
Acidipropionibacterium acidipropionici	0.02585594566999838	-0.014032703886847306	-0.04283707171332443
Koleobacter methoxysyntrophicus	-0.02585426440412951	0.016223074860753677	0.013924197683301266
Phocaeicola coprophilus	-0.025751995746552403	0.08760617658885236	-0.045608495936276305
Metabacillus sp. cB07	-0.025719161956773637	0.0135365601515801	0.01350264771030194
Bacillus beveridgei	-0.025516563874936848	0.012635188560935116	0.013158081691220295
Mucilaginibacter paludis	-0.025428738938139402	0.014973881692260254	0.007778277362011123
Anaerohalosphaera lusitana	-0.02539415224260946	0.011691976123457973	0.011645311656746184
Thermaerobacter sp. FW80	-0.025363111695663913	0.010911264259684791	-0.01680590975979584
Granulibacter bethesdensis	-0.025312208970059404	0.006031704632873191	0.008693000490434788
Pontibacter akesuensis	-0.025302146408234923	0.019459958511662347	0.008290131980824966
Lactobacillus crispatus	-0.025262694468611707	-0.0027283625618807115	0.04914375371226988
Bifidobacterium pullorum	-0.025241448097321907	0.015684868600525877	-0.03142588298526986
Geobacter lovleyi	-0.02518113207787088	0.01171169078765961	0.010237371193040178
Fibrella aestuarina	-0.025114481518483132	0.01697338960450572	0.006958881126806285
Mannheimia varigena	0.0250498488975612	0.008559926503202938	0.026187854609420743
Streptococcus vestibularis	0.0250333525707665	0.003516607433732421	0.1323431684319384
Syntrophotalea acetylenica	-0.025029826871536955	0.009650468046574842	-0.002158265268129994
Pirellulimonas nuda	-0.024952312206306553	1.0271575433580447e-4	-0.001040348787007067
Candidatus Desulforudis audaxviator	-0.024919803220218386	0.011800406720366407	0.002103091761243134
Paenibacillus baekrokdamisoli	-0.024836889697862373	0.008165774022251717	0.014830000280209671
Chryseobacterium sp. NBC 122	0.024622577121768154	0.0028711943547905946	0.018027297988400404
Glaesserella parasuis	0.02456895875826105	0.024664988777089197	0.03216426583874383
Fusobacterium necrophorum	0.024461811574663282	0.05518796504856458	0.009832669118753568
Desulfuromonas sp. DDH964	-0.024435029585727217	0.004306264990130893	0.009038951438672983
Chryseobacterium sp. IHB B 17019	0.02429172374178769	0.004558039358200389	0.025642425222696448
Tumebacillus algifaecis	-0.02421939156210017	0.007373822779811008	0.011166958965411403
Desulfurivibrio alkaliphilus	-0.02416786456721444	0.012083327738861333	0.0020097036105097407
Flavobacterium album	-0.02415008405185569	0.0230538951795699	0.008192819687631468
[Haemophilus] ducreyi	0.023869359663680718	0.025435293873671827	0.049260126151611634
Kiritimatiella glycovorans	-0.023846735143068277	0.007501947198404707	0.001537346447372178
Azoarcus communis	-0.02383480190978283	0.0024814033717919237	-0.016073057372391255
Muribaculum gordoncarteri	-0.02379454616730832	0.082187209909125	-0.023398594437161198
Flavobacterium gilvum	-0.02374676095309124	0.007109571745447883	0.010979293016468841
Chryseobacterium taklimakanense	0.023663849429062446	0.025284926797827446	-0.00568760604252401
Phocaeicola salanitronis	-0.0235135064903657	0.08437176475950801	-0.04387597132465808
Prevotella jejuni	0.023451111947588126	0.09012691618077119	0.05089523049166777
Corynebacterium diphtheriae	0.023411190175365786	-0.0037877746987522304	-0.013229654983119685
Opitutus terrae	-0.023359827447575695	-0.005517439356356631	0.005034564433494999
Pseudodesulfovibrio cashew	-0.023262133657748294	0.008899415721467584	-0.005012568321971186
Desulfonema magnum	-0.023187602639061645	0.009636944018522966	0.015877985833179155
Epilithonimonas vandammei	0.023148696713353702	0.023222526139819382	0.015600822106818615
Brachybacterium saurashtrense	0.023061298024427357	-0.028966058706070174	-0.041066969166415085
Bifidobacterium choerinum	-0.022960637940447323	0.018732901972634143	-0.009992967193712296
Fibrella sp. ES10-3-2-2	-0.02294305239853355	0.008484075613005213	0.011090301222109206
Streptococcus phage SpSL1	0.022926833730130467	-3.1443730875681513e-4	0.05697441869028177
Micrococcus luteus	0.022799903376493465	-0.019384650713241094	-0.042268993739746685
Pseudodesulfovibrio mercurii	-0.02279442938424964	0.008008375434392576	-0.013944872329805808
Streptococcus sobrinus	0.022712291528174583	-0.005165752138741329	0.10682163967105637
Capnocytophaga cynodegmi	0.0226547133185964	0.02234232023247573	-0.006389066124966267
Avibacterium paragallinarum	0.022424123945352814	-0.002740182335203804	0.035361072602034443
Bacteroides fragilis	-0.02233889091374646	0.09490443381501178	-0.04393589610156234
Pedobacter suwonensis	-0.0222594993602889	0.00629010958604265	0.010936491134278569
Sodaliphilus pleomorphus	-0.022233994631076507	0.08762208084737802	-0.030450755458691425
Pelosinus sp. UFO1	-0.02222867169737199	0.019117328602937304	0.02001260241433863
Nitrospira moscoviensis	-0.02212448621257998	-0.005208936838692434	0.008580285395358107
Ensifer adhaerens	-0.022120476750502802	-0.005040303831882296	0.003890183509616218
Campylobacter sp. CCUG 57310	0.022082452399511406	0.016259788136414592	-0.014667253617465157
Hymenobacter swuensis	-0.02205014241177489	0.00882264758348968	0.009917575189741781
Humisphaera borealis	-0.021956497514113108	-0.0010057729634397412	0.00781194498596806
Anaeromyxobacter sp. Fw109-5	-0.02194722096191433	-0.008191556833141671	-0.012895850494817606
Glaciecola amylolytica	-0.02193900621547751	0.00639473772572701	0.009126636158404134
Filifactor alocis	0.021787095162738555	0.04388004025308771	0.024941379652163073
Geobacter sp. SVR	-0.021765716956136584	0.008276378858128252	-0.014807816236430918
Pontibacter korlensis	-0.021732137253023514	0.01667820574947757	0.015084152227131423
Thermaerobacter sp. PB12/4term	-0.021641082828806744	0.004643432194317527	-0.019625992846930746
Sulfitobacter pseudonitzschiae	-0.02142110243024667	-0.0029131941308442612	0.00944659420832825
Campylobacter fetus	-0.021416993822862107	0.025201443170723602	0.017452602368949806
Selenomonas sputigena	0.021401805713841857	0.0833009795969017	-0.016045656587024455
Sulfurifustis variabilis	-0.02134163750857195	-0.00956498706562958	0.006032031323806014
Ferrovibrio terrae	-0.021191746698509418	-0.006676786990799831	0.010973607369363744
Gemmata obscuriglobus	-0.021140667642130684	-0.0070623992923453905	0.006008755537869909
Paracoccus zhejiangensis	-0.021066239126035117	0.0021892819187525774	0.013314846129125944
Sphingomonas alpina	-0.021007145087876964	-0.010332467897803047	0.007164940107681188
Flavobacterium anhuiense	-0.020958494455588703	0.011554888538072303	0.010750611710751918
Hymenobacter jejuensis	-0.020643104030800594	0.016808505480551194	-0.00733731101461629
Pontivivens sp. MT2928	-0.02062965453592945	-0.002469978697750527	0.011641157425221461
Prevotella enoeca	0.020550965325407296	0.10181473024148155	0.014443456248880021
Indioceanicola profundi	-0.020443500025033638	-0.005325009833326108	0.008035306368716567
Azospirillum brasilense	-0.020434127134292424	-0.0031012205157146954	-0.03180685564462781
Streptococcus phage EJ-1	0.020331956057367276	0.003189147881620355	0.05738577052444171
Cedecea neteri	-0.02024866757499447	0.006179220930846229	-0.008602353824033874
Lactobacillus gasseri	-0.020237064584536512	-0.017669611572127878	0.06653074747596176
Starkeya sp. ORNL1	-0.020141784888693136	-0.006992632085583771	0.01004822637930252
Pedobacter steynii	-0.02007380244099498	0.003174846615105053	0.00843398982761671
Chryseobacterium sp. T16E-39	0.020045381055775715	0.0013710828789954487	0.029944177601400803
Desulfobulbus propionicus	-0.019965510700919124	0.007104842725512242	-0.012018007417491075
Streptococcus parasanguinis	0.019886638121801994	0.0010101684116654995	0.15430611450206472
Duncaniella dubosii	-0.019839750459692006	0.06936121115292987	-0.04089073610858061
Sanguibacter keddieii	0.019738127913535852	-0.024135387735126614	-0.034182574290220764
Enterobacter cancerogenus	-0.019728203645906717	0.0036814755869517264	0.01767387559801321
Alkalitalea saponilacus	-0.01966244554220369	0.026078393655509294	0.006855559221286974
Geobacter sp. Jerry-YX	-0.019626443239389075	0.0036394067539964126	0.0029570794689754674
Hymenobacter sp. DG25B	-0.019573823637496626	0.005820812568031891	0.01385013793998129
Planctomyces sp. SH-PL14	-0.019566048527606808	-0.006106504068077141	0.0071764724120622365
Flammeovirga sp. MY04	-0.01954254882085702	0.015815353593487402	0.016446096260015336
Botrimarina mediterranea	-0.019519948927238066	-0.0034766014145992644	0.008778203753070183
Sphingobacterium mizutaii	-0.019508818173381667	0.007955599082154916	0.0138363067778388
Cutibacterium avidum	0.01950126401037192	0.013691325674661515	-0.03778236814859632
Porphyromonas crevioricanis	0.019497426630087893	0.06745384177206767	-0.00753124746021541
Corynebacterium humireducens	0.019492482129057083	-0.023982100132966977	-0.02764417231049875
Celeribacter indicus	-0.019384356456725236	-0.004126735982053092	0.00991932550727303
Deinococcus irradiatisoli	-0.019184294261107324	-0.0025040090415114277	0.012071200169574792
Sphingobacterium sp. CZ-2	-0.019180903052803806	0.00762284420165951	0.01487565395466856
Flavobacterium sp. CLA17	-0.01908838269118745	0.0030612193859403092	0.014375912314096346
Corynebacterium choanis	0.01905526702342105	-0.018920401567739494	-0.003097132838675161
Magnetospirillum magneticum	-0.019023850115177827	-0.005945131009694807	0.010840124542343208
Fusobacterium sp. NSJ-57	-0.018920813646395952	0.010844904295138682	0.006879727341645719
Chryseobacterium indologenes	0.018904168061228514	0.026368722281204918	0.007407239027183583
Thioalkalivibrio sulfidiphilus	-0.018868307312899624	-0.006211139115065205	-0.006765219985739074
Bosea sp. F3-2	-0.018857903937051727	-0.01044014541765122	0.01033892368425845
Microvirga sp. 17 mud 1-3	-0.01883411312094822	-0.007150818205350538	0.010484588208983655
Gemmatimonas sp. TET16	-0.018822641063361876	-0.009979850281872973	0.006969759003737678
Propionibacterium sp. oral taxon 193	0.01873562285626676	-0.01367951917384728	-0.009650725628463754
Tessaracoccus flavus	0.018452044463393668	-0.02147043618488701	-0.03639290281114237
Pedobacter roseus	-0.01842399502805471	3.750328361298632e-4	0.01388520477040174
Rhizobium etli	-0.018410222604024862	-0.004298580250178246	0.010172542951864972
Xylanimonas allomyrinae	0.01840447011293559	-0.02229565758491122	-0.031055539083495783
Aequorivita sp. H23M31	-0.018382236978066496	0.002414582678670846	0.013474071489235595
Pedobacter sp. PACM 27299	-0.01831435651413853	6.821374410190787e-4	0.014139156337392045
Singulisphaera acidiphila	-0.018297627314617905	-0.00786536394042626	0.011567493850389791
Sorangium cellulosum	-0.01825309144592899	0.014203785576750358	-0.06443743622600219
Muribaculum intestinale	-0.018212859116133268	0.07434045144500279	-0.031711330639697576
Niastella koreensis	-0.01820143226387789	0.02073915381069455	0.00858957509173459
Sinorhizobium sp. BG8	-0.01817495184212776	-0.007196307836823037	0.011985622153902838
Youhaiella tibetensis	-0.018063656011693047	-0.01193573861478622	0.01031046912428723
Flavobacterium crocinum	-0.018058236449357685	-1.3315438676791494e-4	0.01612232860552645
Frigoriglobus tundricola	-0.01804317804333861	-0.007070247761743784	-0.015577399255113289
Flaviflexus sp. dk850	0.018022488756598676	-0.0146770543559781	-0.029098511160226194
Hymenobacter sp. DG25A	-0.01799399821325887	0.003392140668712517	0.014113539574180503
Skermanella sp. TT6	-0.017969243634899754	-0.013483527358740473	0.010555525235599791
Draconibacterium orientale	-0.017957072956180514	0.03245200458561537	0.008693009806105342
Niveispirillum cyanobacteriorum	-0.017930239755722607	-0.004188066285640338	0.0125130496435393
Pseudomonas vancouverensis	-0.017914463536033976	-0.002352489304217488	0.017394942265374833
Phreatobacter stygius	-0.017818249752578466	-0.014783801495763764	0.011621132707275297
Flavobacterium sp. SLB02	-0.017787976407906594	9.46408048130388e-4	0.014419994591116026
Desulfolutivibrio sulfoxidireducens	-0.017775397230772635	-6.35363056181974e-4	-0.011936304181181953
Stigmatella aurantiaca	-0.017676344532601987	-0.01290630205602927	0.007968145769987608
Glaesserella sp. 15-184	0.017602596519462863	0.006008590292941691	0.043526075675540794
Bosea sp. Tri-49	-0.017428097111266184	-0.012913896374710764	0.0069145444192776385
Cellulomonas sp. Y8	0.017396347374909554	-0.027034577039927364	-0.03936949858905428
Corynebacterium testudinoris	0.017387443985406002	-0.02298390679703291	-0.006512134353053825
Mesorhizobium sp. 8	-0.017330768112170658	-0.0142481341818933	0.01076769873539966
Desulfovibrio carbinoliphilus	-0.01732285747028185	0.003152683363846291	-0.011882282996293946
Sphingobium sp. EP60837	-0.01727307972725394	-0.005400008730883017	0.01346844256550765
Corynebacterium xerosis	0.017260349370018697	-0.0239566674398203	-0.03475372739437484
Zymomonas mobilis	-0.017228640015448462	0.004424007632004138	0.017511462044773003
Pseudodesulfovibrio profundus	-0.017207863497874485	0.008010857720732267	-0.009155303600689724
Propioniciclava sp. HDW11	0.017090623435934156	-0.016207307984214474	-0.042278412400448086
Bernardetia litoralis	-0.017064281917143213	0.012118313679871413	0.017505144437266862
Tessaracoccus flavescens	0.017003471492670022	-0.013775506585645074	-0.04281491689416637
Pedobacter sp. SW-16	-0.016938132932634218	-6.804802473859002e-4	0.019286379569850416
Bibersteinia trehalosi	0.016847501052994138	0.00929862624530055	0.037433143353977585
Kaistella jeonii	0.01683628939451015	0.001496616417103712	0.027524647842344645
Sphingopyxis sp. QXT-31	-0.016731448982758496	-0.015591467107959701	0.0114318604171575
Corynebacterium pseudopelargi	0.016689150965861578	-0.014691064150691496	0.007086373825231922
Maribacter cobaltidurans	-0.016576248633639604	0.009996982089760202	0.01058130927935323
Desulfomicrobium orale	-0.01657555678285895	0.02589365444031443	-0.04606379527896766
Haloactinobacterium sp. HY164	0.016502691598657186	-0.020039737223218532	-0.03632838054352303
Syntrophus aciditrophicus	-0.016320285190638068	0.004597364978177607	-0.012279913905396128
Parabacteroides goldsteinii	-0.016317926037867084	0.07425052519453763	-0.04083395283631974
Isoptericola variabilis	0.016280567706494147	-0.026757393625964385	-0.036658234942806796
Starkeya novella	-0.016264555260376058	-0.013854057362186934	0.0036358966640444488
Tautonia plasticadhaerens	-0.016254708342030383	-0.011431298321858565	-0.018305812000522993
Brachybacterium sp. P6-10-X1	0.01620886361464282	-0.031722845362671045	-0.043419064109436335
Rhizobium pseudoryzae	-0.016168088838350584	-0.005037995869746965	0.006044107973614451
Mameliella alba	-0.01614689823497699	-0.008729228222001551	0.014530628448746575
Xanthomonas citri	-0.01614687047280682	-0.009534713382217022	0.015569289525269038
Komagataeibacter xylinus	-0.016114934424644328	-4.6620433964834933e-4	0.009290226495181844
Lysobacter solisilvae	-0.01607915068978497	-0.02350925970619499	6.655991714494476e-4
Paraburkholderia acidiphila	-0.016054569322727832	-0.013091065573497672	0.012557690921088799
Bradyrhizobium symbiodeficiens	-0.016023955121825296	-0.010644060971853333	0.01357770805253213
Chryseobacterium aureum	0.016014887226842637	0.012040264431505661	0.020671117444875733
Muricauda lutaonensis	-0.015961461890863036	0.019204185820594348	0.00682775213021039
Methylococcus capsulatus	-0.01593130655675269	-0.004961460984508128	0.012181469421633066
Herbaspirillum sp. meg3	-0.01588993076588279	-0.01395456705578279	0.009218324094910862
Azospirillum thiophilum	-0.015873474500646034	-0.011417201435583156	0.006482810407329966
Rhodospirillum centenum	-0.01584671529512978	-0.01382132770166994	0.012637377211453634
Mycolicibacterium anyangense	-0.01583996551877163	-0.013240603219847234	0.008310387316660766
Caballeronia insecticola	-0.015801644585107088	-0.013286703522430682	0.01293735778229615
Bradyrhizobium icense	-0.015800463971294563	-0.01984107702958916	0.011730222746077547
Marinicauda algicola	-0.015762105425339342	-0.011647632898911915	0.013388847405381397
Massilia violaceinigra	-0.0157187034085285	-0.02643554765120047	0.01037868453187589
Luteimicrobium xylanilyticum	0.015695011390556898	-0.01764867515087739	-0.03475084740238529
Agrobacterium rubi	-0.015677892691688372	-0.006165647122345129	0.017094735738905707
Gallibacterium anatis	0.015595586080231275	0.007559242361314612	0.0296540768431553
Skermanella pratensis	-0.015551825336047004	-0.011982196368813413	0.005019761525516088
Avibacterium volantium	0.01549744729358197	0.006800824802767897	0.032244392965625576
Bradyrhizobium oligotrophicum	-0.015414263659051974	-0.018801854210214602	0.014153892467274175
Novosphingobium sp. P6W	-0.015391855986788546	-0.012470834615778264	0.013717755818423537
Treponema brennaborense	-0.015391154209778279	0.04180087869060974	-0.04442474819719784
Bifidobacterium subtile	-0.015295824086160752	0.009979335557953455	-0.018103838057706257
Amycolatopsis sp. AA4	-0.015291725912421759	-0.0195680395036943	-0.006761299810621944
Corallococcus macrosporus	-0.015275857608538376	-0.014612908417569076	-0.009148110524338587
Chromobacterium violaceum	-0.015266142174225575	-0.011117157591482154	0.011211019734558918
Azospirillum sp. TSH100	-0.015256816916997038	-0.008042960782147593	0.005381578981757788
Arsenicicoccus sp. oral taxon 190	0.015217317543609214	-0.030756094406797854	-0.04015777957818555
Yangia sp. CCB-MM3	-0.01515199310272076	-0.011130634108132689	0.014440845425024884
Chryseobacterium gallinarum	0.015140088676163541	0.02820039624892414	0.011722946284698206
Hyphomonas sp. CACIAM 19H1	-0.015131410271799707	-0.006550385517736312	0.01269053738214018
Usitatibacter rugosus	-0.015094109171498867	-0.021932032063521265	0.004224211580213672
Myxococcus xanthus	-0.015036807175836322	-0.00927913133053989	-0.02600983002663509
Mycobacterium dioxanotrophicus	-0.014811716951422978	-0.013948619899377849	0.008694649097963135
Bradyrhizobium canariense	-0.014793973026233285	-0.020938731135886544	0.015543425087452614
Bradyrhizobium lablabi	-0.014745958273095043	-0.023468449787166633	0.012250459512163674
Isoptericola dokdonensis	0.01473834470084868	-0.028188492931148706	-0.035803476864556136
Propionibacterium freudenreichii	0.014637687685640888	0.003085076123316216	-0.04649260748513512
Moraxella osloensis	-0.014637457404992341	0.014656987923540829	0.016727838464712486
Olsenella uli	-0.014619830056228446	0.06461898061092071	-0.018049154665809867
Massilia sp. CCM 8941	-0.014549858189552362	-0.029204121408902887	0.01194536168901069
Mycobacterium sp. JS623	-0.014521208873878139	-0.01623398939831912	0.01736151355660958
Shinella sp. HZN7	-0.014492935423393619	-0.013015420553083376	0.0076047305765500756
Janthinobacterium agaricidamnosum	-0.01438684654344057	-0.02388678228791169	0.0016446677640805784
Prevotella denticola	0.014377670575864135	0.10730664441527525	0.021110890344006854
Corynebacterium pelargi	0.014358291058167601	-0.014296614616033864	0.0030289017949063535
Gordonia rubripertincta	-0.014288848002402543	-0.014803649964484236	0.015450652855676471
Corynebacterium sphenisci	0.014260574216666787	-0.01574291530851203	-0.03862769048974658
Amycolatopsis sp. YIM 10	-0.014162895047052176	-0.01846829181497437	-0.008426383178694562
Kaistella daneshvariae	0.01415822750340511	0.005292111783926768	0.021300506173078586
Cryobacterium arcticum	-0.014142933116738433	-0.014769017922170268	0.00631422504314946
Shewanella sp. Scap07	-0.014111317036523838	5.613665132596463e-4	0.02275347450049305
Limnoglobus roseus	-0.014034603684822023	-0.008207845397775238	-0.008851406906515027
Chryseobacterium sp. SNU WT5	0.014032366246921613	0.0032208355954663117	0.030072977259624812
Rhizobium rhizoryzae	-0.014005550661689984	-0.006663618197445798	0.017063975533062103
Comamonas serinivorans	0.014001345157524927	-0.027414369610536147	-0.028298648446017552
Mycolicibacterium fortuitum	-0.013993504763211534	-0.014225420234224366	0.015820578193022676
Acinetobacter lwoffii	-0.013990925579414965	-8.369427329639288e-4	0.021572422879657275
Bradyrhizobium sp. CCBAU 51753	-0.01398606564514854	-0.020022360667076113	0.014884160694567513
Cruoricaptor ignavus	0.013945823543779703	0.029863701204183444	0.009159239667236517
Schaalia sp. ZJ405	0.013904123602790005	0.007222217098412609	-0.00905654441351988
Barnesiella viscericola	-0.01380810296505746	0.07751814059657433	-0.032447759005758366
Sphingomonas sp. AAP5	-0.013782821977270425	-0.01305342637944383	0.016248992270200366
Bradyrhizobium sp. 6(2017)	-0.013778994270244043	-0.0184685458648906	0.013624902120237778
Sphingomonas wittichii	-0.013733226985599376	-0.019370208685332103	0.0156912946309672
Paraburkholderia phenoliruptrix	-0.013725106288402159	-0.012796344730476673	0.007167851733081109
Nocardioides sp. ZJ1313	-0.013706870198179288	-0.026409201417660507	0.01383842319051182
Methylobacterium mesophilicum	-0.01368199352241566	-0.011901841108595356	0.019126704322586518
Rugosibacter aromaticivorans	-0.013616387684818253	-0.01113491141941552	-2.5543316063881096e-4
Acidovorax sp. HDW3	0.013613865217944597	-0.023079249292398733	-0.03468696448981819
Aeromicrobium sp. zg-629	-0.0135214147364827	-0.024534582623105074	0.006135558861566608
Bradyrhizobium sp. ORS 278	-0.013490708189171587	-0.01873961720276662	0.016137527914854642
Neptunomonas phycophila	-0.01345497475898592	-3.460504751662052e-4	0.02531418509296108
Corynebacterium vitaeruminis	0.013452369163994473	-0.0013058944217522609	-0.04261045606231468
Sphingomonas sp. PAMC26645	-0.013438424042012186	-0.009979203468324935	0.018852150041566446
Cellulomonas flavigena	0.01339525674804548	-0.024812444302076058	-0.03431130415427142
Archangium gephyra	-0.01330874918237423	-0.014320311931572748	-0.01887715121950194
Sphingopyxis sp. PAMC25046	-0.013233174002177323	-0.0234732981390863	0.015817213358593065
Sphingomonas sp. MK52	-0.013222556691567524	-0.012104529612780216	0.016691266136243887
Brevundimonas sp. LM2	-0.013198443105744709	-0.019332569318735532	0.017210516911858546
Bradyrhizobium sp. ORS 285	-0.01319312317101944	-0.020013837088336577	0.005418965469657056
Pseudomonas frederiksbergensis	-0.01315911036955313	-0.020077173467899716	0.016505048684206464
Bradyrhizobium zhanjiangense	-0.013149894324999361	-0.01776260786253905	0.01668443556669749
Serratia fonticola	-0.013148127841467322	-0.0035902885527928975	0.01664845108704582
Bradyrhizobium genosp. L	-0.013135945807006095	-0.01841935322043785	0.015996877659213128
Corynebacterium efficiens	0.013115429115449663	-0.012455856241021466	-0.014261611181510418
Pseudomonas parafulva	-0.013114883107769875	-0.011249066173644951	0.01907322084789781
Sphingopyxis macrogoltabida	-0.01310159431903616	-0.024962284293411033	0.014956675495846377
Sphingomonas sp. FARSPH	-0.013064537386191679	-0.013274307454825026	0.018602589967792404
Mycobacterium gordonae	-0.013060849032765063	-0.020430952849107953	-0.007754500329106932
Prosthecochloris sp. CIB 2401	-0.013041531598680392	0.002787569899497723	-0.009689816328578672
Halomonas sp. JS92-SW72	-0.013006376561895737	-0.010998363757320507	0.01817280071334256
Prevotella scopos	0.012992379205078763	0.09854556897735287	0.041040157583592224
Mycolicibacterium arabiense	-0.012986010207390654	-0.019501435884169308	0.003601172136874865
Lactobacillus iners	-0.012950699861483072	0.026443475563161786	0.06291066657057616
Methylobacterium nodulans	-0.012925030020012277	-0.017598832740020696	0.007914772126287986
Mycolicibacterium frederiksbergense	-0.012898760483403928	-0.022754786204505034	0.013635799378769605
Sphingopyxis fribergensis	-0.012894753387580492	-0.024336113911605877	0.015416965623914125
Scardovia inopinata	-0.012870818778731091	0.008450216458999047	0.02012928249066511
Prevotella ruminicola	-0.012851773925991794	0.09279848467095562	-0.007364962344007995
Sphingomonas panacis	-0.012823234970813944	-0.017240813324467082	0.016675051576825483
Bradyrhizobium guangdongense	-0.012803559788219314	-0.016963087066804754	0.01758384392164606
Janibacter sp. YB324	-0.012721443601141424	-0.02287947120011911	0.01635719120642317
Agromyces sp. HY052	-0.012710533342072217	-0.0207291293936958	-0.002055127218448419
Bosea sp. AS-1	-0.012703739269018762	-0.018586413287531744	0.009258431280230394
Bradyrhizobium paxllaeri	-0.012696829285067823	-0.023397083477216692	0.01604041556780535
Dechloromonas sp. HYN0024	-0.012586502216861547	-0.010074231141377355	0.006328127273411633
Tessaracoccus aquimaris	0.012565085366952104	-0.010326141946710443	-0.03196002911191509
Corynebacterium epidermidicanis	0.01250222660013238	-0.011177778552950655	-0.00927971789176754
Bradyrhizobium sp. CCBAU 051011	-0.012460765885174115	-0.022740965111677967	0.016475684715759185
Corynebacterium urealyticum	0.012444089173007005	-0.014065050906833708	-0.01710625266577672
Paraoerskovia marina	0.012437851017933073	-0.019376471518685774	-0.035267700726798565
Ralstonia insidiosa	-0.012432370445900707	-0.014009644367160635	0.004320883616899187
Streptococcus troglodytae	0.012386832563280506	-0.027942198111173423	0.10798719076796776
Pseudomonas sp. K2W31S-8	-0.012347878413718281	-0.015300974819735021	0.018701305881780306
Bradyrhizobium sp. CCGE-LA001	-0.01234200505362664	-0.015740954873147847	0.01835122074791349
Mycobacterium sp. MS1601	-0.012334593524304917	-0.017082947481385263	0.014472609015278455
Methylobacterium sp. 17Sr1-43	-0.012330008124834396	-0.016519107878228453	0.0191046918012732
Pseudomonas cichorii	-0.012277291733845954	-0.01019847255646873	0.020486642259457934
Sinorhizobium sp. RAC02	-0.012265171448164582	-0.01585414375059266	0.01780704802298367
Chryseobacterium sp. 3008163	0.012263415815702802	0.006228863934742985	0.02835289681348518
Xanthomonas hortorum	-0.012227129928384229	-0.015053067757369152	0.018313481466344272
Pseudomonas xanthomarina	-0.012165571769848981	-0.008649454362800506	0.020040039432979998
Azoarcus sp. KH32C	-0.012152268185198266	-0.018800592135775982	-0.01640272431112495
Bradyrhizobium sp. CCBAU 53421	-0.012139615547770873	-0.019135256959579315	0.018899786068853345
Methylobacterium brachiatum	-0.012134646522033386	-0.01187598501315776	0.0199953742848392
Beutenbergia cavernae	0.01211899575775442	-0.016782103552335798	-0.03989904299299524
Nitrobacter hamburgensis	-0.012090667064376162	-0.027125687451457388	0.01244455697136692
Agromyces sp. KACC 19306	-0.012059695073938248	-0.021246997140650578	0.017542593946552432
Cellulomonas sp. PSBB021	0.012034378729172663	-0.024201908027005354	-0.030090897285961888
Pseudomonas arsenicoxydans	-0.012021837688596895	-0.013102937147602842	0.019101774862739156
Azoarcus sp. CIB	-0.012016003962404277	-0.021315608207497297	0.01252872414100032
Mycolicibacterium psychrotolerans	-0.011984638928802973	-0.021287619700416236	0.017568779224077437
Afipia sp. GAS231	-0.01195633754969927	-0.021057012119139712	0.017706929932905003
Aminobacter sp. MSH1	-0.011881559860514241	-0.020872660414216045	0.01788642008271294
Rhodococcus sp. P-2	-0.011877889016705544	-0.020764834383132362	0.017978819765288933
Mycolicibacterium chubuense	-0.011865090533130184	-0.020857649496103928	0.017863197656872214
Caulobacter sp. FWC26	-0.011857359656463696	-0.00997101902087061	0.019598872519600775
Sulfurimicrobium lacus	-0.011785169136049411	-0.015115618312048168	-3.2568997996295686e-4
Bradyrhizobium japonicum	-0.011761145961324104	-0.020370489065867147	0.018219105651065236
Brevibacterium luteolum	0.011740230581162107	-0.016196264285743445	-0.03263420225675564
Campylobacter ureolyticus	-0.011713226201520814	0.01135590094498962	0.030696521845830226
Aromatoleum aromaticum	-0.011694758972239976	-0.019889045628879217	0.00904115902461451
Denitratisoma oestradiolicum	-0.011691681925006152	-0.015368951263619143	0.002559853799512847
Brucella anthropi	-0.011688574471504941	-0.008275295690911873	0.021950739757792555
Rhodococcus erythropolis	-0.011684528056345195	-0.02477320528211355	0.015781805754247293
Bradyrhizobium vignae	-0.011656316986605433	-0.019874771276972784	0.018497212812019714
Salinibacterium sp. ZJ450	-0.011635998019927993	-0.024242461731318825	0.0024783513534287712
Actinoplanes missouriensis	-0.011610418169098432	-0.015957768492131992	-0.018887209613058155
Casimicrobium huifangae	-0.011577841445718617	-0.013461413987541715	-0.005799061280650145
Kocuria turfanensis	0.011563082720031497	-0.026128258704080837	-0.028885028257564907
Xanthomonas arboricola	-0.011517365443028213	-0.01254952689616662	0.018113126131679733
Kocuria flava	0.011505120648999587	-0.022464315070401232	-0.031513843901801154
Chryseobacterium sp. G0201	0.011496883901535042	0.003063271287372305	0.02361477576632291
Salinibacterium sp. UTAS2018	-0.011475855078855225	-0.018500888697850337	0.005860778415534628
Caulobacter flavus	-0.011454839482426798	-0.01670191481001276	0.010987177181120206
Elizabethkingia anophelis	-0.011448013014829844	0.017056817811529984	0.017177226324125675
Paracoccus liaowanqingii	-0.011413201834706784	-0.013141166516941069	0.01989003821701091
Mycolicibacterium doricum	-0.011406220567356996	-0.019446138845255735	0.01886442307547744
Hoyosella subflava	-0.01137758021353875	-0.015197314049045526	0.0049077066932400265
Paracoccus pantotrophus	-0.011369702141815726	-0.016248601167811304	0.016046546186377818
Mycolicibacterium gilvum	-0.011341779885655497	-0.0176403316522631	0.0010629242536227843
Chromobacterium vaccinii	-0.011335488157860413	-0.015134909239271289	0.003703825953954633
Paracoccus sanguinis	-0.011334858350628627	-0.019033519689926767	0.01915356895564136
Mycobacterium kubicae	-0.01130902693243623	-0.018991791225967267	0.01410740132646332
Corynebacterium sp. 1959	0.011298896266429171	-0.005421745765811975	-0.005482382726994101
Ornithinimicrobium flavum	0.011276422973110963	-0.027479719671950092	-0.03174663232720601
Caulobacter segnis	-0.011253392246342918	-0.015648983538733358	0.010720684983245873
Bradyrhizobium genosp. B	-0.011252610166294728	-0.018915323470177922	0.019233309799005793
Bradyrhizobium sp. 1(2017)	-0.011230864641541716	-0.018912870401799356	0.019286716763544147
Marisediminicola antarctica	-0.01122065071329275	-0.024627194908749366	0.009407211445911055
Rhodococcus sp. B7740	-0.011214118383360238	-0.015717665777941578	0.011992217648348446
Gordonia sp. HY186	-0.011186101666742306	-0.01758454269471422	0.01606968233134762
Mycolicibacterium parafortuitum	-0.011149774624384406	-0.021503503292865784	0.009058627973991146
Brevundimonas subvibrioides	-0.011136557718067788	-0.01863597616048363	0.019482497815512523
Pseudomonas koreensis	-0.01111448141076357	-0.012791098329725269	0.02072682620367287
Mycobacterium intracellulare	-0.011090052550526062	-0.017504830693954105	0.015017953912409844
Cellulomonas fimi	0.011087622534976102	-0.024921732352993935	-0.03157295302152255
Dolosigranulum pigrum	-0.011071944237515039	0.0010814217706117649	0.09840263288966467
Azoarcus olearius	-0.011068192537207498	-0.013780790576770056	-0.010722634950615125
Chryseobacterium sp. cx-624	-0.011018353072155948	0.014417975837488335	0.01964633812413689
Sphingobium sp. YG1	-0.010994438892882165	-0.013205870735556492	0.02237169343905355
Corynebacterium nuruki	0.01097920528292363	-0.01728065191988599	-0.032912611816336645
Corynebacterium aurimucosum	0.010946989905420933	-0.0023655361370727244	-0.025444044011506635
Pseudomonas sp. TUM18999	-0.010882266366991055	-0.017758743228908816	0.020094562473787863
Chryseobacterium carnipullorum	0.01087361032664313	0.005139059403054103	0.0212152531043162
Streptomyces cadmiisoli	-0.010852555305414279	-0.016268963647787845	-0.0011182694581223034
Stenotrophomonas sp. LM091	-0.010834494623045293	-0.017627212768867518	0.020202258467180337
Frankia alni	-0.0107860503369948	-0.02006192098442692	-0.00791741261467726
Salinispora arenicola	-0.010749741191705074	-0.018422127617920028	0.007426842536390594
Corynebacterium deserti	0.010717335182289645	-0.008285281770629085	0.0014788385761362718
Janthinobacterium lividum	-0.010702282277194114	-0.01740522724815363	0.020477920352498107
Dyella thiooxydans	-0.010617591838918403	-0.020866495982469896	-0.0038620371474331144
Actinobacillus equuli	0.010609161800048329	0.0012886402721871255	0.03548798952901769
Mycolicibacterium boenickei	-0.010602983582297788	-0.02164762845487419	0.018032945630561306
Methylobacterium aquaticum	-0.010540173860783144	-0.01788143145585593	-0.007092961778069451
Allokutzneria albata	-0.010497008626716797	-0.01807338594356803	-0.032416254490127965
Labilibaculum antarcticum	-0.010459770737908483	0.032136052774522535	0.004212724354412728
Gordonia sp. KTR9	-0.010443140910385035	-0.021374016872765054	0.018257920269400076
Cellulomonas taurus	0.010420569946039182	-0.01681407999532518	-0.045463742520632955
Tsukamurella paurometabola	0.010419951573495944	-0.026302611792048743	-0.03579979377081341
Sphingomonas insulae	-0.010410296563109501	-0.01644425775145416	0.021043676395150906
Mycolicibacterium mageritense	-0.010376535460336034	-0.022408299614925162	0.011071423820655122
Pseudomonas lurida	-0.01037068607031306	-0.01097948289314732	0.02222028714482496
Brachybacterium ginsengisoli	0.01029743878930159	-0.029549720854204865	-0.039466826647505435
Mycolicibacterium phlei	-0.010277983978155374	-0.022560012186307297	0.006212575483626192
Mycobacterium paragordonae	-0.010229645891348844	-0.020445485044780536	0.018859337042979353
Sphingomonas sp. DH-S5	-0.010189049267820903	-0.015650308149153722	0.02164484781017298
Ottowia oryzae	0.010188709051240028	-0.019569095297583283	-0.04287895021786776
Kaistella carnis	0.010179274195340031	0.0039842018791473996	0.025488314463388125
Mumia sp. ZJ1417	-0.010164172045537805	-0.029007886203496595	-6.854717415632912e-5
Amycolatopsis albispora	-0.010152668866955043	-0.02258152478197864	-0.011644227997593156
Mycobacterium sp. YC-RL4	-0.010137472017310457	-0.021916292414985817	0.011269159185267425
Pseudomonas poae	-0.010133009685615538	-0.016543974773029886	0.021082942707497564
Janibacter melonis	0.010114814457473443	-0.03254128743343198	-0.03773455502544427
Pseudomonas rhizosphaerae	-0.010108110363967577	-0.015024495319614466	0.01759374884516653
Chryseobacterium lactis	-0.010089872524598264	0.006549500602737395	0.018999673243710196
Pseudomonas denitrificans (nom. rej.)	-0.010060845228765386	-0.015302150337055034	0.02193512540588435
Corynebacterium sp. 2019	0.010048741457788753	-0.020148274026350874	-0.006736247254201308
Brevundimonas diminuta	-0.010047788688614908	-0.01528777045802464	0.021881045209765176
Rothia sp. ZJ932	0.01001195218229597	-0.01044042070122856	0.0218522174907272
Mogibacterium diversum	0.01000602112011895	0.08890724749543175	0.05246264048646531
Mycolicibacterium moriokaense	-0.010004786391595053	-0.020863231151013045	0.016974690285961644
Mycolicibacterium smegmatis	-0.009999494874915913	-0.021122292317519886	0.007836032413743938
Mycoplasma genitalium	-0.009994273050949734	-0.003042447595082334	0.0270398113422132
Microbacterium sp. 10M-3C3	-0.009966008055166663	-0.021155127560419866	0.011837109640633676
Ornithinimicrobium sp. HY006	0.0099445522854516	-0.027022919309852653	-0.03171989308714072
Chryseobacterium arthrosphaerae	0.00989475011976176	0.013092417469527448	0.01679782097452916
Rhodococcus hoagii	-0.009868681926212545	-0.02316444202254106	0.007766341262946183
Streptomyces olivoreticuli	-0.009862442121791073	-0.016225154318001797	-0.006285405913169936
Mycobacteroides immunogenum	-0.009859151594750511	-0.01584148746823071	0.018250508048934366
Mycolicibacterium mucogenicum	-0.009846079841066451	-0.016771297421390725	0.018556097815785173
Pseudonocardia sp. CGMCC 4.1532	-0.009838066234084154	-0.03168997365392026	-0.04028856522206452
Mycolicibacterium phocaicum	-0.009830246362573096	-0.01935050928036128	0.019719240386137152
Rhodococcus sp. PBTS 2	-0.009799272286282842	-0.014511941888801554	0.022508876873820173
Rhodococcus koreensis	-0.00978842367359763	-0.020560231648217672	0.01296469714971308
Massilia sp. YMA4	-0.009775995468467408	-0.027169282084840474	0.006442306440110313
Corynebacterium stationis	0.009747032715683907	-0.01715153209619932	0.006982256675207387
Fusobacterium varium	-0.009718888976092667	0.03944519998815053	0.022969961067671164
Pandoraea sp. XY-2	-0.009669447901723532	-0.010057779827820305	0.005445307292670708
Pseudarthrobacter sp. BIM B-2242	-0.009647022799748155	-0.023245740250017542	0.00813052661687507
Zhihengliuella sp. ISTPL4	-0.00964567992683844	-0.018222224183896713	0.02045578874035548
Streptomyces sp. SCSIO 3032	0.009639076808086915	-0.02491301245162328	-0.03218197973846518
Methylomonas sp. LL1	-0.009556982981450302	0.011699126780951577	0.02099083103531915
Croceimicrobium hydrocarbonivorans	-0.009556634594220957	0.014765683177263357	0.01949861973141308
Prauserella marina	-0.009515608466375124	-0.02493947327448644	0.0067517645858368855
Pseudomonas antarctica	-0.009512758250719832	-0.014659313260135826	0.02248755135574054
Devriesea agamarum	-0.009487064212815633	-0.013436881391851535	0.0020621345810452212
Micromonospora rifamycinica	-0.009486249845942117	-0.016853056895734853	0.005420116750691948
Mycolicibacterium fluoranthenivorans	-0.009482409182981735	-0.020790330431702617	0.016496883480375212
Actinobacillus indolicus	0.009453961072273424	-2.467933717997457e-4	0.0424810187102294
Janthinobacterium svalbardensis	-0.009441279649066223	-0.019946622038077903	0.01737217406925403
Pseudomonas taetrolens	-0.00943932746346559	-0.015167714697640966	0.022182131014220393
Agreia sp. COWG	-0.009438340362953638	-0.019796683796397065	-0.009655432690371274
Mannheimia bovis	0.009409114914135534	0.0015995287226575746	0.04444661716769878
Mycolicibacterium vaccae	-0.009370730944277423	-0.02108271087396713	0.0037667767937697317
Achromobacter denitrificans	-0.009355334167914326	-0.017837047319455058	-0.03194724018455735
Gordonia terrae	-0.009345177254141853	-0.021490544162963213	9.40821275982014e-4
Pseudomonas sediminis	-0.009318255842237253	-0.012867416606014865	0.02369332663325319
Variovorax boronicumulans	-0.009316874974150763	-0.026202227799519664	0.006618854644411445
Pseudomonas trivialis	-0.009299007937810721	-0.014196661464352316	0.022798130203965452
Kocuria indica	-0.00926261269777371	-0.012660642790581808	0.0238222928632875
Massilia flava	-0.009250759637058214	-0.027261300494804176	-0.0016318392508738516
Pulveribacter suum	0.009239395453517218	-0.028989232674986678	-0.022838776372603332
Pseudomonas extremaustralis	-0.00921473411906142	-0.013842052152805024	0.02303940842208792
Chryseobacterium gleum	0.009187759908042279	0.013975456308975141	0.020495695266085256
Rathayibacter festucae	-0.009177865865985122	-0.01882780984383263	0.013292694492971732
Candidatus Frankia datiscae	-0.009171504522063775	-0.023303081936499798	-0.001197455781586191
Mycobacterium sp. DL592	-0.009153197758455115	-0.023071518450824474	0.016137025274121742
Micromonospora craniellae	-0.009131838570817195	-0.01798424294294173	0.01024588851094059
Cupriavidus metallidurans	-0.009129162836578011	-0.01702608286662382	-0.005421317630482444
Micromonospora siamensis	-0.009121756049072758	-0.019574702305727967	-0.004055994583943042
Porphyromonas cangingivalis	0.00909378156804668	0.06597395542359272	-0.001701978906939622
Streptococcus salivarius	0.009092001986424578	0.03550765478152055	0.12075657047556515
Sphingomonas sp. C8-2	-0.009078693249833658	-0.018277037340734707	0.018900001518674457
Pseudomonas simiae	-0.00907635358641883	-0.01322725667454833	0.023485825686517876
Mycolicibacterium austroafricanum	-0.009069588357589597	-0.012164300391294151	0.024227424095038676
Streptomyces finlayi	-0.009004973505178454	-0.021708763562417174	-0.008584535279183209
Cupriavidus pinatubonensis	-0.009000158862264577	-0.018602785404409204	0.00902133470845413
Kluyvera ascorbata	-0.008998315154673007	-0.00520157847966657	0.026256169689185715
Haemophilus aegyptius	0.008984217840926918	-0.005981591995243364	0.04268610494468868
Pseudomonas lundensis	-0.008975328816143406	-0.013864542216424636	0.022991241712882717
Massilia albidiflava	-0.008950801505936568	-0.0202515282887409	-7.783996259149584e-4
Pseudomonas sp. DG56-2	-0.008929712432620208	-0.01280389987732049	0.023763777488847754
Phycicoccus sp. HDW14	0.008929194916387152	-0.028061815424575583	-0.038189113412126476
Nocardia mangyaensis	-0.008902786556432483	-0.024733517608295615	0.009970443693230685
Pseudomonas sp. LG1E9	-0.008902218035854786	-0.0126146006026953	0.024092901757686663
Curtobacterium sp. BH-2-1-1	-0.008897082724770453	-0.01898767570523492	0.010487380099444414
Herbaspirillum robiniae	-0.008876899463604733	-0.020908109255852934	0.002038516254716409
Amycolatopsis sp. FDAARGOS 1241	-0.008852843312363792	-0.020363416188061395	-0.030942648578675316
Pseudomonas fulva	-0.008833973566046155	-0.017799006511001587	0.018817961852467077
Nocardioides sp. S-713	-0.008813559566940247	-0.02906257445429685	-0.01902017102731227
Sulfuriferula plumbiphila	-0.008801064217369344	-0.01742243305207578	-0.00763974930064725
Actinoalloteichus hymeniacidonis	-0.008741262771557613	-0.021431028898949434	0.006110375664385469
Herbaspirillum seropedicae	-0.008709190055962386	-0.017117133596222488	-0.0037986540496245556
Flagellimonas maritima	-0.008624806800065507	0.004353920787715252	0.02201148606071643
Mycolicibacterium duvalii	-0.008596968157170646	-0.023500481955914206	0.008995326964571242
Rhodoferax saidenbachensis	-0.008594352973334525	-0.018591248501410695	-0.0256949636995796
Diaphorobacter aerolatus	-0.008587947083569811	-0.008895926225102258	-0.013526407363903958
Streptomyces sp. HSG2	-0.008576729021757754	-0.017573762242383082	-0.005866258958478917
Nonomuraea nitratireducens	-0.00857413391704185	-0.009653293289411662	-0.03797826116235696
Campylobacter hominis	-0.008538661291688884	0.010025330496671273	0.032302107162617104
Deinococcus actinosclerus	-0.00846918333901202	-0.013631843046760388	0.007131579048331118
Mycobacterium leprae	-0.008441744930354995	-0.014779086084711287	0.02306624382097123
Nocardia asteroides	-0.008413860856032185	-0.025001685150313188	0.003364489828121889
Saccharomonospora marina	-0.008382384372483665	-0.02272269864728047	0.008852812492543929
Mobilicoccus sp. NJES-13	0.00836297148945477	-0.018757018882311047	-0.037914157559474214
Fusobacterium gonidiaformans	-0.008328820999345853	0.010125861950834503	0.06328783961971889
Mycobacterium tuberculosis	-0.008308544791179302	-0.011653689766164098	0.02336912216037703
Serpentinomonas raichei	0.008301050587425998	-0.023903670817830208	-0.02815041339123724
Agromyces badenianii	-0.008299398490672261	-0.022090522366478176	0.009932887216481646
Pseudomonas alcaligenes	-0.008287466129764968	-0.015152229789788038	-0.002987928575600097
Pseudomonas stutzeri	-0.008273822028016782	0.020376214705204836	-0.06330995602676621
Sulfuritalea hydrogenivorans	-0.008267351806490957	-0.022769563865678324	-0.011238665059605963
Chryseobacterium balustinum	0.008171656745985148	-4.4608360326482585e-4	0.028451988115382184
Pseudomonas aeruginosa	-0.008100833516038795	0.019828117515579793	-0.06253650979928417
Mycobacterium grossiae	-0.00808047482732462	-0.026552619794075524	0.00745316606476014
Aromatoleum bremense	-0.00807652579628786	-0.02387245177356022	0.006310635072323725
Cronobacter sakazakii	-0.008069856582132126	-0.006605660759296948	0.02133148639167667
Kocuria sp. KD4	-0.008003948329535117	-0.013454891737695528	0.02396033165229842
Janibacter indicus	-0.007984254526804234	-0.030898594949421584	-0.005144216197096365
Thauera humireducens	-0.00796701711227871	-0.023094490770559643	3.3128947356321373e-4
Micromonospora echinospora	-0.007950663938293818	-0.022511197513576327	0.003406773365488654
Acidihalobacter ferrooxydans	-0.007942178040141233	-0.019108046987773297	0.005362062294693956
Protaetiibacter intestinalis	0.0079304927468839	-0.02403744281201438	-0.02497865744710339
Streptomyces aquilus	-0.007920643213536202	-0.017882297502023376	-0.005388138702136877
Pseudomonas moraviensis	-0.007902865263896238	-0.012192341404898938	0.024039874423841312
Nocardia yunnanensis	-0.007901505390479471	-0.02619651699304141	0.0076955904451436324
Micromonospora terminaliae	-0.007843678957190701	-0.020286285158260708	0.003712458040747358
Kerstersia gyiorum	-0.007818577988305537	-0.017579119607181712	0.008534709538556574
Curtobacterium sp. 24E2	-0.007789109730638979	-0.018421033343983702	0.006365176767988192
Aeromicrobium chenweiae	-0.007752981627381398	-0.032828074248366104	0.0013393305339539261
Leifsonia xyli	0.0077314620009089115	-0.019982913163674766	-0.047142496505515046
Nocardioides sp. WS12	-0.007701274343350829	-0.03902585524116394	-0.02451739687477617
Bradyrhizobium elkanii	-0.0076687463843739005	-0.007872509128913711	0.027345470167428373
Mycoplasma pneumoniae	-0.007643917890458118	-0.00758041210451778	0.027568082033701685
Kocuria rhizophila	0.007611024831787692	-0.023200635530503215	-0.028465555088033972
Cryobacterium sp. LW097	-0.007572382720500325	-0.023944354302059986	-0.006753535776571548
Pedococcus dokdonensis	0.007470197345138356	-0.030068288273542545	-0.031962135500455485
Mycolicibacterium sp. LJ126	-0.007417486599395363	-0.024151743331504966	4.2374046833832784e-4
Mycolicibacterium madagascariense	-0.007396929219077578	-0.025804482676110973	-0.0052387346090211045
Nocardioides sp. HY056	-0.007377715961912163	-0.022746953202526395	-0.012652750266564173
Agromyces protaetiae	-0.007355234290513246	-0.020221204464718576	-4.074531538982925e-4
Streptomyces tsukubensis	-0.007338998493990025	-0.019252298399487316	-0.028635116765825946
Hydrogenophaga crassostreae	-0.007312553703431068	-0.022044138617990653	-0.01248840539297855
Corynebacterium marinum	0.007297196192164381	-0.020648359553916203	-0.021935281040818728
Streptomyces nitrosporeus	-0.0072704271714108286	-0.017168503956559267	-0.0060153065697187
Prevotella fusca	0.007259647980236532	0.09770969835687675	0.02123536602342094
Arthrobacter dokdonellae	0.00724504308979948	-0.028000383000930263	-0.03159502680896692
Epidermidibacterium keratini	-0.007238905643779824	-0.015732666898495656	-0.015228885750040512
Leifsonia sp. 21MFCrub1.1	-0.007218800541292007	-0.018415212133293273	-0.007679770711593948
Streptomyces dengpaensis	-0.00721540683054902	-0.02097778219513947	-0.002930988939277055
Agromyces flavus	-0.00718763008543181	-0.025012415650739302	-0.006886657208865584
Mycolicibacterium insubricum	-0.007163204675952844	-0.020510226267947924	0.0026413049139730705
Achromobacter sp. B7	-0.007132536923543203	-0.01692289202111351	-0.004093450329463396
Micromonospora sagamiensis	-0.007124972131977327	-0.020528688775980405	-0.002202364876582864
Streptomyces vietnamensis	-0.007107826359950495	-0.020575982653793658	-0.002479827509977291
Microbacterium wangchenii	-0.007096491911276903	-0.020719371903472457	-0.003024756369717708
Veillonella atypica	-0.007062711454942772	0.029401199503892063	0.16946037675632503
Rhodococcus coprophilus	-0.007004131342644799	-0.0252894009952854	0.012716610511613458
Streptomyces sp. Z022	-0.006984701664146243	-0.017585564330527614	9.62751507464738e-5
Pseudonocardia sp. HH130630-07	-0.006977748110323551	-0.023512432264289593	-0.007578830934569412
Streptomyces aureoverticillatus	-0.0069708554545008855	-0.02023562471384971	-0.0023643549523915085
Dechloromonas aromatica	-0.0069232289512604715	-0.014464329810016007	-0.0028037407526849017
Vespertiliibacter pulmonis	0.006909707510048266	-3.3550017498143795e-4	0.044601047990156836
Bacteroides heparinolyticus	-0.006874980263228831	0.08834056321702044	-0.0355017512749583
Treponema phagedenis	-0.006847393121357141	0.05166497709533235	1.0971093530584626e-4
Jonquetella anthropi	-0.006742194389441412	0.02149533071503386	-0.037304162698753876
Mycolicibacterium hassiacum	-0.0067334453123838595	-0.02405267596712646	0.002985412753266932
Acidovorax carolinensis	0.0067323771068502495	-0.02171137456080956	-0.04098048255259762
Arthrobacter sp. FB24	-0.006680209844415717	-0.025888240719876054	0.01195424226211978
Streptomyces mobaraensis	-0.006672926859813165	-0.021792910626209597	-0.0027866064874172156
Treponema pallidum	-0.006666575985830503	-0.006866960618042229	0.026661055831702543
Rathayibacter tritici	-0.006664224654753515	-0.018594422931813716	-2.6610953585421137e-4
Plantibacter flavus	-0.006646288990966247	-0.01723823408346921	0.004395778582834235
Methylibium sp. Pch-M	-0.006606206955358947	-0.023419462163658953	-0.007375502207265079
Aeromicrobium yanjiei	-0.006560338258920398	-0.0304594134425759	-4.195394953146101e-4
Corynebacterium tuberculostearicum	0.006516260876619337	0.004270097215841017	-0.0034877790715275615
Variovorax sp. RKNM96	-0.006450664072366499	-0.027220602874983586	-0.00411708297766908
Microbacterium sp. JZ31	-0.0064118725139066255	-0.02448198964847334	0.0033819296153903508
Catenulispora acidiphila	-0.006392932763412617	-0.016472769322326674	-0.03433074749233098
Variovorax sp. WDL1	-0.006361294444697961	-0.0278916823224464	-0.006181942993207378
Nocardioides sp. MC1495	-0.006331060961619478	-0.03268024419067223	-0.017777042469169772
Actinoplanes teichomyceticus	-0.006329187734520031	-0.020757001716348398	-0.024573803106733103
Pseudonocardia autotrophica	-0.006295109143950194	-0.03471449713576435	-0.004081652165893837
Cellulosimicrobium cellulans	0.006293938260132565	-0.023357947647460225	-0.026389550113710126
Rhodococcus sp. ABRD24	-0.006241075128246293	-0.0270678911874604	0.011810627583586503
Streptomyces luteoverticillatus	-0.006239379308764792	-0.01979542434782949	-0.00410142463848189
Jeongeupia sp. USM3	-0.006229538171473601	-0.016894899669122592	0.004581430527896608
Microbacterium oxydans	0.006200603576819656	-0.0235672044618187	-0.022664130676678138
Paludibacter propionicigenes	-0.006161031373596021	0.05849910020635614	-0.024594464548099278
Thauera chlorobenzoica	-0.006101263159428658	-0.021145650542197757	-0.0023252097283731786
Streptomyces sp. CdTB01	-0.006095280361012006	-0.019220565617864987	-0.01012469117512956
Microbacterium hydrocarbonoxydans	-0.006089253263813407	-0.022942197029995122	-0.0047832272151339126
Nocardia sp. CS682	-0.006078644248745416	-0.02356118766518436	-0.011016211815216913
Streptomyces sp. C8S0	-0.006042488229372123	-0.018046204196878593	-0.0024865808175226576
Herbaspirillum frisingense	-0.006041100234044452	-0.02309387047969844	0.008069790507942627
Amycolatopsis sp. Hca4	-0.006039060596149399	-0.0235465287538151	-0.02754077272441388
Corynebacterium kefirresidentii	0.006003112507807532	-0.006920031680103725	0.010325055436754238
Mycoplasma hominis	-0.006002007393629308	0.007990714208267176	0.03340507713577388
Herbiconiux sp. SALV-R1	-0.0059684336440980635	-0.024618620516754525	-0.010021692305247206
Corynebacterium macginleyi	0.0059348180935873945	-0.009983131304322523	0.003547210020962125
Thauera hydrothermalis	-0.005933489386179707	-0.02306162152272843	0.004260129175285289
Microbacterium sp. Y-01	-0.005920809040808211	-0.022089118673054638	5.945194609141912e-5
Streptococcus infantis	-0.005918647216593416	-0.03947094891953526	0.08233360263319339
Glutamicibacter mishrai	-0.005885927661051524	-0.020038217421439294	0.013039836332158126
Chitinolyticbacter meiyuanensis	-0.005883338485283784	-0.017761014506162392	0.004250317159244371
Lentzea guizhouensis	-0.00587958522217638	-0.03479630700354236	-0.01314720680873826
Streptomyces globosus	-0.005878085753115379	-0.02077928178861129	-0.00410641415576753
Arcanobacterium haemolyticum	0.005873306868230918	-0.003020260792351616	0.010824217080485067
Trueperella pyogenes	0.005867461151844519	0.024237306613228798	-0.0401227423747385
Bordetella pertussis	-0.005864149240877904	-0.011756684712998991	0.0187772584747162
Duganella sp. GN2-R2	-0.005861933449338725	-0.026921649137865173	-0.004389618295790815
Nakamurella panacisegetis	-0.005857549727255634	-0.020180943348295524	-0.025220610033395194
Flavobacterium columnare	0.005807004270840179	0.023117656955031277	0.0029120372928877437
Mycolicibacterium rutilum	-0.0057767663906014444	-0.022301516680172787	-0.004091387060852846
Comamonas sp. NLF-7-7	0.005762586864084112	-0.023859473298632184	-0.033577450412217415
Streptomyces hawaiiensis	-0.00575568846254682	-0.016287252857106436	-0.003666004686212866
Kocuria varians	0.005737244273342541	-0.021510603184098934	-0.02069232745842243
Rathayibacter tanaceti	-0.005689977195389371	-0.021986547042939016	-0.00401834252783466
Hydrogenophaga sp. RAC07	0.005656822022894409	-0.03545802148291715	-0.02044230755616474
Nocardioides daphniae	-0.005644163177742997	-0.029612331418787847	-0.01973070042991027
Mycobacteroides chelonae	-0.005632881867702453	-0.018603286126098732	0.007750875279968496
Micromonospora coxensis	-0.0056156078071171725	-0.0230757895553528	-0.006384533179171702
Kocuria sp. TGY1127_2	-0.005602473222050314	-0.014829081494234767	0.010102984364873297
Cryobacterium soli	-0.005556937149628276	-0.022157666223415095	-0.005541684323956956
Rhodococcus ruber	-0.005548586723475887	-0.025786395896654855	-0.006083743683539299
Protaetiibacter sp. SSC-01	-0.005548547509997947	-0.018775203642108697	-0.010807504406119049
Agromyces aureus	-0.005521214679602769	-0.023252337122487008	-0.014593643653573716
Mycoplasma orale	0.005516466117392061	0.007015691550255965	0.03959232577386142
Microbacterium chocolatum	-0.005485661957617626	-0.021021713555019382	-0.010174663416313283
Micromonospora echinaurantiaca	-0.005453791814363413	-0.025928041920727233	-0.00673878056614048
Streptomyces sp. M2	-0.005387349121718786	-0.02221086508596852	-0.005357091100469426
Rathayibacter sp. VKM Ac-2760	-0.0053790529585719124	-0.019175962279049278	0.0024652578733107603
Microbacterium sp. TPU 3598	-0.00529459755321929	-0.022742983035840734	0.001882010598096789
Arthrobacter sp. PM3	0.0052861713805210766	-0.027124458532972507	-0.022475596492295028
Streptosporangium roseum	-0.005263748221167727	-0.016542612031124632	-0.03400754515501565
Rhodoferax ferrireducens	-0.005252311818067251	-0.019831640860320177	-0.019149479995036016
Gordonia insulae	-0.005233172100908286	-0.02169629829870756	-0.003775841725422295
Pseudomonas rhodesiae	-0.005219858666364279	-0.014474382821472067	0.023091076416111724
Azoarcus pumilus	-0.005196094256657008	-0.025132448778728833	7.095311591082447e-4
Variovorax sp. PAMC 28711	-0.005188929776108133	-0.025713987532120716	-0.026053380489978933
Variovorax paradoxus	-0.005165621255872157	-0.007569330636089091	-0.07004987992172468
Brevibacterium sp. o2	-0.0051523879311044865	-0.022638518046214025	0.012880919951169299
Pandoraea thiooxydans	-0.005135620133015511	-0.01820987237881546	-0.010818192038133435
Streptomyces pluripotens	-0.005134078242361688	-0.02043121897809887	-0.0030903555817450297
Streptomyces clavuligerus	-0.005125023588346695	-0.018455931479696975	-0.012191556125274406
Streptomyces sp. Z423-1	-0.005122385810301104	-0.022217709469057226	-0.006715950102506658
Amycolatopsis mediterranei	-0.005078698980072685	-0.024903880026757478	-0.020087720407468788
Pimelobacter simplex	-0.005067824830694209	-0.03244884285025857	-0.024879578011799405
Alicycliphilus denitrificans	0.005050431649345173	-0.020388490767778496	-0.04026590693706572
Leucobacter triazinivorans	0.005034352997442081	-0.02484203200820847	-0.019108075920803262
Nocardioides mesophilus	-0.0049538129735040215	-0.03612565976188641	-0.01689485632551115
Corynebacterium singulare	0.0049172946523791	-0.011319866047867229	0.0046498642502295065
Gordonia sp. YC-JH1	-0.004912820890162306	-0.021762833209400135	-0.014625007886508532
Streptomyces sp. So13.3	-0.004877542680134992	-0.02408542098629519	-0.019571676826716695
Nocardioides marinisabuli	-0.004839923936755427	-0.03179076895235296	-0.024657158406040755
Actinobacillus suis	0.004836244635323478	0.005809383710390183	0.046723381970665015
Pseudogulbenkiania sp. NH8B	-0.004829686609909167	-0.022211114917949956	0.007159572658251362
Streptomyces ficellus	-0.004822537745870573	-0.024037329248080646	-0.005383038646404216
Microbacterium sp. LKL04	-0.004813856246950789	-0.024111729154054434	-0.0051669822385497065
Streptomyces sp. NHF165	-0.004807467325854988	-0.02185905762720339	-0.012088124276704198
Diaphorobacter sp. HDW4A	0.004805110570769782	-0.023640236914936573	-0.01975182734741314
Corynebacterium minutissimum	0.004805090546004608	-0.013029618819840428	0.007886546582888832
Actinomadura verrucosospora	-0.00478546108856694	-0.013565752414271017	-0.028389745800188295
Hydrogenophaga sp. BPS33	0.004725312245524955	-0.03839313230031709	-0.03221801263148875
Veillonella dispar	0.004703340992700121	0.040605375335600845	0.1485139021550141
Mycolicibacillus koreensis	-0.004702087275128715	-0.02254068109301895	-0.010056278018939843
Corynebacterium flavescens	0.0045685312554822515	-0.007256077593390644	-0.004280607853140148
Serinicoccus chungangensis	0.004565136989805167	-0.027318335164034254	-0.02819852929883702
Microbacterium sp. A18JL200	-0.0045355539000737684	-0.025800688838830202	9.552737127682166e-4
Micromonospora krabiensis	-0.004530108865759092	-0.02266604434022407	-0.012751475314464703
Serpentinomonas mccroryi	0.0045089806914283635	-0.02662934568537783	-0.025404196929747967
Streptomyces sp. CRXT-Y-14	-0.004469293829461524	-0.022574100734168538	-0.01533080499835839
Streptomyces hygroscopicus	-0.004468823669657928	-0.019797704272727555	-0.005980178367510552
Corynebacterium casei	0.00439855175620703	-0.013365719747871966	0.002002051713132024
Microbacterium sp. A18JL241	-0.004363387173832059	-0.022295574594524775	-0.012852973634066456
Serinicoccus hydrothermalis	0.004344367524161085	-0.030236945627014313	-0.021475853051487626
Streptomyces alboflavus	-0.0042847021490311395	-0.02163855321262252	-0.015135521436508283
Nocardiopsis dassonvillei	0.004250279518551437	-0.02336893093931307	-0.04451753472470698
Streptomyces albireticuli	-0.004200212751675887	-0.019931364676081517	-0.008836513076537484
Leifsonia sp. PS1209	0.0041590836947520415	-0.025927678539374777	-0.02174621887351104
Brevibacterium sp. WO024	-0.00412748048322478	-0.02212751834891401	6.555012725725261e-4
Streptomyces sp. CRXT-G-22	-0.00411389475948453	-0.020975243016669313	-0.01740691072791934
Rhodococcus fascians	-0.004099902423372198	-0.02390716828983497	-0.015263942296146445
Saccharomonospora glauca	-0.004087641190284212	-0.024955594276822608	0.01183576942046775
Nocardioides aromaticivorans	-0.004044329146851495	-0.03468920955953005	-0.006222751140428793
Nocardioides houyundeii	-0.004013162408787426	-0.03109741824001544	-0.01187367730341642
Cupriavidus necator	-0.004012762323809572	-0.019037245607672185	-0.03602074603219224
Nonomuraea sp. ATCC 55076	0.003979151430066741	-0.024474697885123912	-0.044224695106066414
Kitasatospora sp. MMS16-BH015	-0.0039777834096666785	-0.018301470725531493	-0.018683026158430743
Gordonia iterans	0.003928730556172457	-0.021412666847391678	-0.017649573472311483
Arthrobacter sp. KBS0702	-0.003900694513384296	-0.020804416245892902	-0.010766734982962104
Frankia sp. EAN1pec	0.003895095425563028	-0.02520997871873266	-0.036264856823490205
Curtobacterium sp. YC1	-0.0038944792666450096	-0.024898344280145687	-4.7123720096310846e-4
Microbacterium sp. RG1	-0.0038873198973662882	-0.017967615819127376	-0.014494359544714773
Actinoplanes sp. N902-109	-0.003877796679860984	-0.025285570772328358	-0.027847091935115444
Streptomyces griseoviridis	-0.003852153429154828	-0.020671718606723854	-0.009821958029182523
Microbacterium sp. NY27	0.0038285155092761666	-0.022507562742985633	-0.01633330048565411
Serinicoccus marinus	0.003827246021265238	-0.023774741738590226	-0.01830210201721136
Humibacter sp. WJ7-1	-0.0038259300258190665	-0.024920737178755665	-0.003453221035550691
Corynebacterium simulans	0.0037799706767654125	-0.01696676082944191	0.001554309230364905
Streptomyces sp. MBT27	-0.0037692081104380246	-0.021894507478674052	-0.012633244303634637
Variovorax sp. RA8	-0.003744678465858101	-0.027467523510454898	-0.00892765466972458
Arthrobacter sp. PGP41	-0.003728388111263869	-0.025695639973383696	-0.015409417827798613
Nocardiopsis gilva	-0.0036641035560828375	-0.01940902103568235	-0.02263085534796058
Microbacterium testaceum	0.0036100224055765897	-0.017879153618196125	-0.021046610569518953
Frankia sp. QA3	-0.0035980308790341474	-0.02527087643429924	-0.011988441501757848
Streptomyces qinzhouensis	-0.0035754106465122767	-0.022262940963711526	-0.0062408995084567214
Curvibacter sp. AEP1-3	-0.003538030006702553	-0.026387275164010824	-0.0058041631789255066
Janthinobacterium sp. Marseille	-0.0035040194217802025	-0.02257874214212392	6.2531081652449655e-6
Diaphorobacter ruginosibacter	-0.0034903998540388747	-0.02347138659677157	-0.010713672542759792
Blattabacterium cuenoti	0.0034806416550062632	0.05221970108099853	-0.018680788140250783
Streptomyces ferrugineus	-0.003463467735777366	-0.01855238338383725	-0.003920204440372919
Streptomyces rapamycinicus	-0.003430143081774326	-0.022930948353037026	-0.02359895902805675
Acidovorax sp. T1	0.0034281201878339543	-0.02770826951378139	-0.013146735113617285
Streptomyces albus	0.003405549939431868	-0.026407136432950926	-0.03794436979287293
Acidovorax citrulli	-0.0033982994561857897	-0.018435347944155543	-0.0026298754927035497
Microbacterium sp. WY121	0.003378396378420477	-0.022693873576699643	-0.018698037961660516
Streptomyces sp. SCUT-3	0.0033521241322994047	-0.02946981070611814	-0.02353746046573612
Acidovorax sp. 1608163	0.0033316708526792494	-0.01982322373664331	-0.03065956509239947
Rhodoferax sp. BAB1	0.0033040552681485257	-0.02575442927037902	-0.03524724616925619
Nocardioides sp. zg-579	-0.003255169000441973	-0.032508024691744394	-0.029591866940717287
Streptomyces sp. DSM 40868	0.0031943860130683025	-0.024106698043866958	-0.020900795601839637
Aeromicrobium sp. A1-2	0.003179735862547395	-0.03350685628430728	-0.03176627892739229
Streptomyces subrutilus	-0.003179349501578812	-0.022712232945405943	-0.010455964194343475
Kaistella antarctica	0.0030717733346352764	0.002887475733381454	0.022931846213896104
Prevotella dentalis	0.0030237289255495587	0.09727506763254912	-0.010076201437712318
Tsukamurella tyrosinosolvens	-0.0030016450536749645	-0.022560765341879927	-0.018436271432002077
Leptothrix cholodnii	-0.0030012954938146317	-0.026325802377383127	-0.014253599438039756
Variovorax sp. PBL-H6	-0.0029974789661997093	-0.02857511339776744	-0.013965429696747312
Streptomyces antibioticus	-0.002996369797989378	-0.021909249573543132	-0.010055900390640209
Burkholderia gladioli	0.0029693225352807745	-0.015226885222659033	-0.04129900718416483
Streptomyces chartreusis	-0.002944973845548471	-0.024598696794119003	-0.021465150609742835
Aeromicrobium erythreum	0.002940951964194205	-0.031461580786932834	-0.029716407754582046
Sinomonas sp. R1AF57	0.0029158591794045535	-0.027485418867834913	-0.025649427758460845
Streptacidiphilus bronchialis	-0.0028978836261168914	-0.025791592382440262	-0.01748117213537515
Brachybacterium avium	0.002863565874012092	-0.030990966679850056	-0.03476466429114755
Microbacterium oleivorans	-0.0028231596003063485	-0.014650902491064087	-0.02808618233369839
Microbacterium aurum	-0.0027918240586237986	-0.023317075400651168	-0.012132473078226461
Microbacterium sediminis	0.0027694811690147448	-0.023620736674932447	-0.031036057774121457
Microbacterium sp. YJN-G	-0.0027682285415200664	-0.02704057174084578	-0.01350097759381427
Streptomyces sp. P3	-0.0027560364384960263	-0.023032014569273472	-0.015530426437880435
Rhodoferax antarcticus	-0.0026930711354526925	-0.01962048989460553	-0.03099307748760067
Chryseobacterium sp. G0186	-0.002683126254689632	0.013264515970505887	0.01968355661018628
Microbacterium sp. No. 7	-0.002671829900273887	-0.02422076104401363	-0.01352355190256016
Arthrobacter sp. PAMC25564	-0.0026536699943721987	-0.024708383809746496	0.0035235482491833827
Bordetella sp. N	-0.0026516026812421823	-0.021591359720404133	-0.004721714035627988
Leifsonia shinshuensis	-0.002649032405702648	-0.02704573646369448	-0.015248266437044721
Micromonospora carbonacea	0.0026275996028145314	-0.022974570673115098	-0.0209201197380781
Cupriavidus campinensis	-0.0026249336598776376	-0.02012507930531476	-0.025060610960143583
Mycobacterium avium	-0.0025896081975275887	-0.025874694885414825	-0.0159141868464724
Lysinimonas sp. KACC 19322	-0.0025879571336827677	-0.021997420043767663	-0.01697276874053027
Nocardioides humi	-0.0025656431208361764	-0.035685257481613976	-0.0317353555161028
Actinoplanes sp. OR16	-0.002541996414621325	-0.02610479090048644	-0.017331969483812267
Salinibacterium sp. ZJ70	-0.002523485600895541	-0.020696698012026536	-0.006084494960020862
Agrococcus sp. SGAir0287	-0.0025098411797929827	-0.02117105323417251	1.8417218321630825e-4
Microbacterium sp. ABRD_28	0.002509089744976273	-0.025738347183172697	-0.00836614105427802
Bordetella flabilis	-0.002442723169028115	-0.022572227519891904	-0.006757194561954305
Bacteroides zoogleoformans	-0.002404825242226386	0.08907611360402558	-0.035883433796487674
Streptomyces sp. W1SF4	-0.0023902430705928296	-0.025803046391812027	-0.008551577037377297
Rhodococcus triatomae	-0.002354996739810589	-0.026824921162886036	0.0026426996177064746
Rathayibacter iranicus	-0.0023360079765400578	-0.024649091378672817	-0.006837353609973467
Frankia inefficax	-0.0022655838656154355	-0.024566013912952194	-0.03734820191210727
Microbacterium lemovicicum	0.0022432964220688084	-0.023467380974502402	-0.023398444764640383
Streptomyces sp. CB01881	-0.0022283049918420048	-0.02441510188837161	-0.019812987825294195
Glutamicibacter halophytocola	-0.00222486667551545	-0.018427249614561117	-0.010293564248936245
Streptomyces sp. TLI_053	-0.002215410322300578	-0.02452563461526874	-0.0235636149736781
Arthrobacter crystallopoietes	-0.0021372519343821617	-0.0030166414021824	-0.05180431559637681
Aeromicrobium marinum	-0.0021333176465097455	-0.030874326355590842	-0.019749871063538316
Janibacter limosus	0.0020313795953104496	-0.03821234911182588	-0.03445435879188317
Nakamurella sp. PAMC28650	-0.001999623791061434	-0.025774251202224374	-0.016596009418320044
Luteipulveratus mongoliensis	0.0019774180495478154	-0.027726022021585563	-0.03128604924900463
Microbacterium sp. 4R-513	-0.0019293977279984421	-0.022265573196096497	-0.017419338078351942
Nocardia farcinica	0.0019132319350083147	-0.028528058994729048	-0.026703815215123588
Kutzneria albida	0.0019068249616145626	-0.02907628661666373	-0.030035757989138864
Streptomyces griseorubiginosus	-0.001891391785785492	-0.026057480372098586	-0.01811192668945044
Acidovorax cattleyae	-0.0018548139922314527	-0.021851424558551963	-3.266075304016817e-4
Chryseobacterium sp. StRB126	0.0018267047538986065	0.006613591261215339	0.02146344295129393
Bordetella petrii	0.001822450928188371	-0.0189986071072267	-0.012427593645299799
Arthrobacter sp. QXT-31	-0.001805749242662604	-0.024920128114146272	0.005783443370124408
Streptomyces xinghaiensis	-0.0017929559551249628	-0.025746876795545385	-0.01488516212808026
Achromobacter xylosoxidans	-0.0017322340711936701	-0.0042880566536604575	-0.06155536119035058
Xanthomonas vesicatoria	0.0016932044337045714	-0.01649971483913647	-0.0021295546998787184
Streptomyces sp. QMT-12	-0.0016700884163296033	-0.0214515844468052	-0.015917195164570904
Glaciihabitans sp. INWT7	-0.0016113434220616312	-0.02949635176784439	-0.005447283627215082
Microcella alkaliphila	-0.0015783372034055766	-0.025516962093819495	0.0037839977967615893
Hydrogenophaga sp. PBL-H3	-0.0015628248553009587	-0.029166196225721457	-0.025135847674933987
Actinomadura sp. WMMB 499	-0.0015493054443300404	-0.025275270685505377	-0.03227218650219234
Leucobacter muris	-0.0015419281238892785	-0.020531011197325238	-0.020296873447702465
Actinomadura sp. NAK00032	0.0015375552280041587	-0.030047819521661873	-0.030133924404809317
Streptomyces sp. CRPJ-33	0.0014997035649490836	-0.027813660797820987	-0.020548146845045762
Brevibacterium linens	0.0014818189991499602	-0.010191395895665067	-0.038505210491363
Gordonia phthalatica	0.0014792882753803774	-0.027396920304428387	-0.011131496009931165
Streptomyces avermitilis	-0.001468215997479121	-0.024395446780094157	-0.011405718517532096
Streptomyces buecherae	-0.0014401440563643	-0.02482608612456869	-0.028001831786207063
Jiangella alkaliphila	0.0014231100012836414	-0.029607118239056672	-0.029356357666747303
Acidovorax sp. RAC01	-0.0014118012842016204	-0.028041466579007357	-0.01639302569225044
Alcaligenes faecalis	-0.0013940503118647358	0.003884861776456429	-0.0403567281143447
Pseudarthrobacter chlorophenolicus	-0.001391613557622045	-0.025033765595040697	-0.01853564249215079
Thauera sp. K11	-0.0013594308544905202	-0.024760397101013916	-0.016702343320111945
Actinobacillus delphinicola	0.0013441510475135248	0.006515317408157362	0.03215581877804688
Mycetocola sp. JXN-3	-0.0013412934645045248	-0.020732194447845027	-0.0022056267774918144
Saccharothrix syringae	-0.0013130346494529866	-0.02646982738691522	-0.030378373451760508
Acidovorax sp. JMULE5	0.0012780790525486927	-0.027746908335715345	-0.009012053349942225
Microterricola viridarii	-0.0012674674963078325	-0.018386253004482735	-0.03501081211476179
Microbacterium esteraromaticum	-0.0012553282559061134	-0.025434713740563674	-0.010629675146719102
Chryseobacterium nakagawai	-0.0012441594336577893	0.005199366173701797	0.025586900717761155
Chryseobacterium joostei	0.0011962545707979192	-0.001617413957379056	0.032769266696292765
Chryseobacterium sp. JV274	-0.0011897208101126463	0.008320083680576504	0.01989646662349567
Arthrobacter alpinus	0.0011755980410926173	-0.012723535298035375	-0.02377219410027094
Hydrogenophaga sp. NH-16	-0.0011642529123620203	-0.027924845720452587	-0.007136673246946966
Aeromicrobium choanae	0.0011293255901127792	-0.03243588996264344	-0.021116758672296152
Cupriavidus basilensis	-0.001105748220287751	-0.01946629101818965	-0.035444739251591924
Brachybacterium vulturis	-0.0010996043144616424	-0.026705830294200317	-0.03663090047864057
Delftia acidovorans	0.001090985621954593	-0.01966582284343841	-0.020813861514016235
Moraxella catarrhalis	9.466782967890484e-4	-0.005223315139416822	0.026628341026325074
Streptomyces cattleya	8.98972504802187e-4	-0.027094019871574383	-0.022835303564734857
Arthrobacter sp. UKPF54-2	-8.819306748403959e-4	-0.02499290256366976	-0.012045325568648005
Curtobacterium flaccumfaciens	-7.262747173193337e-4	-0.021136864054594282	-0.026388251337004936
Diaphorobacter sp. HDW4B	-7.109981909956382e-4	-0.02763532144704844	-0.0075630464925847485
Acidovorax ebreus	-6.830416329346604e-4	-0.018490348793814615	0.014530410926261167
Variovorax sp. HW608	6.472772084884174e-4	-0.029402443236245343	-0.023059426697563556
Microbacterium caowuchunii	-6.205557238060491e-4	-0.025869905425324198	-0.006114759999241733
Microbacterium sp. XT11	-6.032568120146513e-4	-0.02287420069461865	-0.014086485518631715
Streptacidiphilus sp. PB12-B1b	-4.961208618983246e-4	-0.02759546990643716	-0.015620031192319285
Variovorax sp. PAMC26660	-4.826411474933436e-4	-0.02771053096625703	-0.008265268829983859
Phytohabitans suffuscus	4.0779501222279837e-4	-0.03211398002271294	-0.023899646013000566
Bordetella bronchialis	-3.6781144036273055e-4	-0.025864886342000234	-0.011699298464234094
Nocardia cyriacigeorgica	3.5039476766007095e-4	-0.023337377826089363	-0.04307900522462918
Streptomyces bingchenggensis	3.207131511692872e-4	-0.026668898321827447	-0.025037308147230035
Nocardioides sp. HDW12A	-3.0593665790569084e-4	-0.0391866451214078	-0.02534974827595769
Amycolatopsis methanolica	2.983118965432574e-4	-0.03443453066228766	-0.020628199130357388
Streptomyces griseus	-2.7428595926074395e-4	-0.024283523074456838	-0.02041088615118093
Kitasatospora setae	-2.391575069210864e-4	-0.02108464185637251	-0.019424955615518873
Kitasatospora sp. NA04385	2.3493658103422024e-4	-0.025974897464938786	-0.018222693298038294
Phytohabitans flavus	2.301754190938654e-4	-0.031200235200021055	-0.022174976018660423
Streptacidiphilus sp. P02-A3a	-2.2108628110794782e-4	-0.025090249576268934	-0.02607190587974249
Bordetella trematum	1.9347452186611267e-4	-0.020566883690553428	-0.018697672418595324
Streptomyces sp. SN-593	1.9152292498619795e-4	-0.027831283974721142	-0.022309412233532874
Mycolicibacterium aurum	1.8868527518488225e-4	-0.027470695291824273	-0.02994971750108036
Streptomyces niveus	-1.766651762860924e-4	-0.02714420937267863	-0.024784583043048515
Frigoribacterium sp. NBH87	-1.2905674354051183e-4	-0.025359109399149083	-0.021382894231126794
Streptomyces spectabilis	1.1399425433585905e-4	-0.025778130989731092	-0.023121234889934467
Rhodoferax koreense	-5.954574320741421e-5	-0.02731753242608156	-0.02633656015282248
Nocardia otitidiscaviarum	4.624207098513688e-5	-0.025997953663593063	-0.019382389803286333
Comamonas testosteroni	4.0489106623572715e-5	-0.005006965587630908	-0.05027896296047575
Microbacterium sp. BH-3-3-3	-3.286760030660367e-5	-0.022531864431659616	-0.013041189741881553
Streptomyces venezuelae	-2.679595470637178e-5	0.004866436485350836	-0.06242769496784962
